account_id,account_name,industry,country,signup_date,referral_source,plan_tier,seats,is_trial,churn_flag,total_subscriptions,total_mrr,total_arr,avg_mrr,avg_seats,subscription_churn_rate,total_tickets,avg_resolution_time,avg_first_response,avg_satisfaction,escalations,total_usage,total_duration,total_errors
A-2e4581,Company_0,EdTech,US,2024-10-16,partner,Basic,9,False,False,10,12603,151236,1260.3,31.2,0.0,2.0,23.0,91.0,3.0,0.0,535.0,152339.0,38.0
A-43a9e3,Company_1,FinTech,IN,2023-08-17,other,Basic,18,False,True,8,10004,120048,1250.5,22.0,0.0,3.0,38.0,73.33333333333333,4.0,0.0,355.0,101136.0,14.0
A-0a282f,Company_2,DevTools,US,2024-08-27,organic,Basic,1,False,False,15,18286,219432,1219.0666666666666,18.8,20.0,3.0,43.666666666666664,63.666666666666664,4.666666666666667,0.0,821.0,251210.0,48.0
A-1f0ac7,Company_3,HealthTech,UK,2023-08-27,other,Basic,24,True,False,7,9275,111300,1325.0,29.857142857142858,0.0,2.0,29.0,174.0,0.0,0.0,382.0,102528.0,21.0
A-ce550d,Company_4,HealthTech,US,2024-10-27,event,Enterprise,35,False,True,9,48761,585132,5417.888888888889,47.111111111111114,22.22222222222222,7.0,42.285714285714285,107.85714285714286,3.8,1.0,579.0,215779.0,31.0
A-1b9609,Company_5,EdTech,IN,2023-10-12,ads,Enterprise,4,False,False,11,16810,201720,1528.1818181818182,19.545454545454547,9.090909090909092,4.0,43.0,74.75,3.0,0.0,457.0,140541.0,21.0
A-a0ca4e,Company_6,Cybersecurity,US,2024-03-08,ads,Pro,11,False,False,9,16633,199596,1848.111111111111,19.555555555555557,0.0,6.0,39.166666666666664,89.83333333333333,3.8,3.0,373.0,116964.0,14.0
A-e5d6ab,Company_7,EdTech,US,2023-04-15,partner,Pro,3,False,False,10,13048,156576,1304.8,18.9,10.0,3.0,42.666666666666664,57.0,0.0,0.0,382.0,111506.0,23.0
A-7dacce,Company_8,Cybersecurity,CA,2024-09-10,event,Enterprise,12,False,True,10,23057,276684,2305.7,21.6,0.0,4.0,32.5,75.25,3.6666666666666665,0.0,472.0,145429.0,29.0
A-10b8da,Company_9,DevTools,US,2023-05-08,partner,Enterprise,14,False,True,6,8787,105444,1464.5,19.333333333333332,16.666666666666664,3.0,31.333333333333332,71.33333333333333,3.5,0.0,257.0,73818.0,14.0
A-592832,Company_10,Cybersecurity,US,2024-09-25,organic,Basic,18,False,True,19,32571,390852,1714.2631578947369,27.63157894736842,15.789473684210526,3.0,32.666666666666664,80.66666666666667,5.0,0.0,1053.0,326283.0,55.0
A-d40bf7,Company_11,FinTech,IN,2024-11-08,organic,Basic,59,False,False,10,43247,518964,4324.7,59.0,0.0,2.0,20.5,125.5,5.0,0.0,562.0,150186.0,22.0
A-6c093d,Company_12,DevTools,US,2023-04-14,partner,Basic,7,True,False,12,16242,194904,1353.5,19.75,25.0,3.0,40.333333333333336,68.33333333333333,5.0,1.0,670.0,217275.0,30.0
A-462d45,Company_13,Cybersecurity,US,2024-01-15,partner,Enterprise,11,True,False,12,23432,281184,1952.6666666666667,37.25,16.666666666666664,4.0,26.75,95.0,4.0,0.0,642.0,159561.0,26.0
A-956988,Company_14,EdTech,UK,2024-11-30,ads,Enterprise,1,False,False,13,29407,352884,2262.076923076923,29.76923076923077,7.6923076923076925,2.0,50.5,118.0,3.0,0.0,658.0,173232.0,49.0
A-ac14bb,Company_15,FinTech,US,2023-09-08,partner,Enterprise,21,False,False,8,27746,332952,3468.25,31.25,25.0,2.0,24.5,30.5,4.0,0.0,531.0,170826.0,42.0
A-463db0,Company_16,HealthTech,US,2024-12-05,partner,Basic,15,False,False,7,13266,159192,1895.142857142857,24.857142857142858,0.0,6.0,50.166666666666664,94.83333333333333,4.25,1.0,367.0,106259.0,13.0
A-ce66f8,Company_17,EdTech,CA,2023-08-23,event,Pro,29,False,False,6,11858,142296,1976.3333333333333,30.333333333333332,0.0,6.0,41.666666666666664,79.16666666666667,3.5,0.0,494.0,133559.0,19.0
A-c4ea60,Company_18,FinTech,DE,2023-03-09,other,Enterprise,18,False,True,9,14646,175752,1627.3333333333333,25.77777777777778,0.0,5.0,36.0,59.0,3.6,0.0,427.0,137244.0,18.0
A-832ec2,Company_19,FinTech,UK,2023-11-19,event,Enterprise,4,True,False,8,9299,111588,1162.375,16.5,0.0,3.0,26.0,108.66666666666667,4.0,1.0,511.0,157711.0,25.0
A-684255,Company_20,FinTech,US,2024-04-14,ads,Enterprise,9,False,False,14,11844,142128,846.0,14.928571428571429,21.428571428571427,4.0,14.25,97.75,4.666666666666667,1.0,653.0,191849.0,44.0
A-c42f1f,Company_21,HealthTech,US,2024-07-28,other,Pro,8,False,False,8,5175,62100,646.875,13.125,12.5,9.0,31.333333333333332,81.88888888888889,4.0,1.0,337.0,98383.0,20.0
A-4e44e8,Company_22,DevTools,US,2024-08-20,ads,Enterprise,3,False,True,14,36445,437340,2603.214285714286,24.857142857142858,14.285714285714285,3.0,31.333333333333332,76.66666666666667,3.3333333333333335,0.0,687.0,208387.0,37.0
A-30b4ca,Company_23,EdTech,IN,2024-05-20,organic,Basic,86,False,True,8,75938,911256,9492.25,86.0,0.0,3.0,57.666666666666664,108.33333333333333,4.0,0.0,402.0,127433.0,22.0
A-9f2731,Company_24,FinTech,IN,2024-10-04,event,Enterprise,1,False,False,7,3613,43356,516.1428571428571,24.0,0.0,0.0,0.0,0.0,0.0,0.0,324.0,98113.0,20.0
A-32fb14,Company_25,DevTools,US,2023-03-07,event,Enterprise,26,False,True,9,10162,121944,1129.111111111111,29.333333333333332,22.22222222222222,5.0,34.0,59.6,4.5,0.0,488.0,150708.0,19.0
A-00cac8,Company_26,HealthTech,AU,2023-09-15,organic,Enterprise,8,True,False,9,14121,169452,1569.0,15.333333333333334,0.0,2.0,33.0,120.5,0.0,0.0,602.0,171366.0,31.0
A-35083d,Company_27,HealthTech,IN,2023-04-28,partner,Basic,19,False,True,16,32433,389196,2027.0625,25.8125,6.25,4.0,49.75,119.0,5.0,0.0,791.0,237055.0,37.0
A-eb7fac,Company_28,DevTools,US,2023-10-28,organic,Enterprise,7,False,False,10,42096,505152,4209.6,32.4,10.0,4.0,34.0,126.5,4.0,0.0,538.0,185729.0,44.0
A-b20d99,Company_29,HealthTech,IN,2023-09-27,other,Basic,20,False,False,7,11069,132828,1581.2857142857142,23.0,0.0,2.0,61.5,27.0,3.5,0.0,329.0,105214.0,12.0
A-396e5f,Company_30,Cybersecurity,CA,2024-10-02,other,Enterprise,2,False,False,10,10236,122832,1023.6,17.6,0.0,5.0,24.8,102.8,4.0,1.0,540.0,175427.0,23.0
A-45ce7a,Company_31,FinTech,US,2023-07-23,ads,Enterprise,16,False,False,7,8216,98592,1173.7142857142858,17.142857142857142,14.285714285714285,5.0,45.4,91.8,3.6666666666666665,0.0,424.0,124978.0,30.0
A-08e34e,Company_32,EdTech,US,2024-06-27,event,Basic,14,False,True,11,21821,261852,1983.7272727272727,31.09090909090909,0.0,3.0,43.0,84.0,3.0,0.0,651.0,186929.0,32.0
A-8145a0,Company_33,Cybersecurity,AU,2023-04-25,partner,Basic,2,True,False,12,17260,207120,1438.3333333333333,16.416666666666668,8.333333333333332,6.0,23.666666666666668,90.16666666666667,4.0,0.0,693.0,200177.0,27.0
A-bad8c1,Company_34,FinTech,AU,2023-03-01,organic,Basic,7,False,False,7,7797,93564,1113.857142857143,31.857142857142858,0.0,1.0,27.0,49.0,4.0,0.0,385.0,125675.0,11.0
A-44dc83,Company_35,EdTech,FR,2024-05-12,other,Basic,5,False,False,4,456,5472,114.0,22.75,0.0,7.0,40.857142857142854,76.14285714285714,4.6,0.0,248.0,81119.0,13.0
A-f446b6,Company_36,DevTools,DE,2023-05-12,ads,Pro,5,True,False,9,11392,136704,1265.7777777777778,16.444444444444443,11.11111111111111,8.0,30.75,82.5,4.25,1.0,376.0,127515.0,31.0
A-a45270,Company_37,HealthTech,US,2024-06-24,ads,Enterprise,3,False,False,12,20131,241572,1677.5833333333333,23.25,8.333333333333332,4.0,64.0,110.0,4.0,0.0,733.0,222582.0,53.0
A-854864,Company_38,FinTech,IN,2024-12-07,event,Enterprise,20,False,False,6,14759,177108,2459.8333333333335,31.833333333333332,16.666666666666664,5.0,44.2,100.8,4.8,0.0,248.0,73517.0,10.0
A-1b7577,Company_39,Cybersecurity,US,2024-10-27,other,Pro,4,False,False,11,8771,105252,797.3636363636364,17.545454545454547,18.181818181818183,5.0,27.2,109.4,4.0,0.0,647.0,195598.0,33.0
A-05f0e5,Company_40,FinTech,US,2023-05-04,partner,Basic,32,False,False,12,51109,613308,4259.083333333333,45.083333333333336,0.0,4.0,20.0,108.5,4.0,0.0,706.0,207116.0,46.0
A-9077b0,Company_41,HealthTech,US,2024-08-25,ads,Basic,2,False,False,7,3565,42780,509.2857142857143,17.142857142857142,28.57142857142857,3.0,40.333333333333336,136.33333333333334,4.333333333333333,0.0,493.0,146301.0,31.0
A-7f8241,Company_42,EdTech,US,2023-03-14,organic,Pro,34,False,True,15,39516,474192,2634.4,35.86666666666667,0.0,1.0,36.0,135.0,3.0,0.0,734.0,227186.0,38.0
A-2bc93d,Company_43,HealthTech,US,2023-03-14,event,Basic,14,False,False,13,32394,388728,2491.846153846154,29.23076923076923,7.6923076923076925,2.0,12.0,78.0,4.5,0.0,666.0,215735.0,31.0
A-f3ff05,Company_44,FinTech,IN,2024-07-06,other,Enterprise,2,False,False,13,19465,233580,1497.3076923076924,15.923076923076923,7.6923076923076925,3.0,42.666666666666664,111.33333333333333,3.5,0.0,672.0,210327.0,36.0
A-2d4502,Company_45,FinTech,IN,2024-04-29,event,Basic,7,False,False,10,29071,348852,2907.1,29.6,0.0,3.0,26.333333333333332,82.0,5.0,0.0,465.0,127997.0,19.0
A-6a4e2d,Company_46,EdTech,UK,2023-04-07,partner,Pro,9,False,False,11,10394,124728,944.9090909090909,23.818181818181817,27.27272727272727,2.0,18.5,141.0,4.5,1.0,597.0,172764.0,31.0
A-eb7c38,Company_47,DevTools,AU,2024-02-25,organic,Enterprise,5,False,False,15,38210,458520,2547.3333333333335,28.8,26.666666666666668,5.0,22.4,67.4,4.333333333333333,0.0,693.0,203946.0,27.0
A-c37601,Company_48,EdTech,US,2024-10-31,partner,Basic,6,True,False,12,20475,245700,1706.25,15.916666666666666,16.666666666666664,4.0,42.25,83.0,3.6666666666666665,0.0,489.0,131835.0,21.0
A-3b5cd1,Company_49,FinTech,US,2023-09-12,event,Basic,13,True,False,13,23676,284112,1821.2307692307693,20.923076923076923,0.0,5.0,27.4,46.6,4.0,0.0,523.0,177958.0,24.0
A-b2225d,Company_50,FinTech,US,2024-03-08,ads,Basic,47,False,True,12,19088,229056,1590.6666666666667,47.25,0.0,2.0,42.0,38.0,3.0,0.0,696.0,236693.0,60.0
A-94f8c9,Company_51,HealthTech,US,2024-03-29,other,Basic,13,False,False,16,31989,383868,1999.3125,19.8125,6.25,3.0,47.333333333333336,87.66666666666667,5.0,0.0,746.0,204124.0,63.0
A-02fac6,Company_52,FinTech,US,2023-04-06,event,Pro,22,False,False,11,26410,316920,2400.909090909091,25.454545454545453,0.0,6.0,23.333333333333332,100.5,4.0,0.0,514.0,169854.0,34.0
A-c1dfe1,Company_53,DevTools,DE,2023-08-07,ads,Pro,26,False,False,8,25790,309480,3223.75,28.75,12.5,3.0,50.333333333333336,93.66666666666667,4.0,0.0,375.0,127687.0,30.0
A-32728c,Company_54,DevTools,US,2023-01-03,event,Pro,20,False,True,8,4498,53976,562.25,22.75,12.5,2.0,34.5,61.5,3.5,0.0,418.0,115325.0,22.0
A-4c38bc,Company_55,HealthTech,UK,2024-03-09,event,Basic,36,False,True,16,48060,576720,3003.75,36.0,12.5,3.0,48.333333333333336,43.0,3.5,0.0,818.0,271358.0,27.0
A-1b707d,Company_56,Cybersecurity,US,2023-07-14,organic,Enterprise,1,False,False,8,9332,111984,1166.5,16.25,12.5,3.0,42.666666666666664,75.33333333333333,0.0,0.0,399.0,110456.0,12.0
A-6f8ad2,Company_57,EdTech,IN,2024-07-09,organic,Basic,1,False,False,17,25928,311136,1525.1764705882354,23.58823529411765,11.76470588235294,4.0,35.25,37.25,4.333333333333333,0.0,924.0,261489.0,59.0
A-4d1e75,Company_58,DevTools,US,2024-08-21,other,Basic,20,False,False,13,31390,376680,2414.6153846153848,30.23076923076923,0.0,2.0,15.0,98.5,4.0,0.0,477.0,148106.0,25.0
A-9ee962,Company_59,HealthTech,US,2023-02-28,ads,Basic,9,False,True,9,9420,113040,1046.6666666666667,15.333333333333334,22.22222222222222,3.0,37.0,69.66666666666667,4.0,0.0,439.0,120226.0,17.0
A-378b99,Company_60,EdTech,UK,2024-09-01,ads,Pro,8,True,False,12,12116,145392,1009.6666666666666,22.666666666666668,8.333333333333332,6.0,28.5,78.83333333333333,4.5,0.0,565.0,187525.0,38.0
A-94d3da,Company_61,HealthTech,US,2023-05-03,other,Basic,41,False,False,12,22673,272076,1889.4166666666667,41.0,8.333333333333332,6.0,26.833333333333332,80.5,3.5,0.0,464.0,150051.0,25.0
A-e351e1,Company_62,EdTech,US,2024-09-26,other,Enterprise,33,False,False,5,3498,41976,699.6,33.0,20.0,4.0,17.0,65.25,3.75,0.0,295.0,102452.0,22.0
A-9badbd,Company_63,Cybersecurity,DE,2024-06-19,ads,Enterprise,5,True,False,13,32477,389724,2498.230769230769,34.92307692307692,15.384615384615385,5.0,30.2,102.6,5.0,0.0,729.0,220382.0,45.0
A-7e0a10,Company_64,FinTech,US,2023-11-18,ads,Enterprise,46,False,False,10,41116,493392,4111.6,48.4,0.0,5.0,39.4,62.6,4.0,0.0,511.0,173162.0,35.0
A-118d55,Company_65,Cybersecurity,US,2024-10-22,organic,Basic,8,False,False,12,23919,287028,1993.25,16.75,8.333333333333332,5.0,24.2,56.8,4.333333333333333,0.0,599.0,168143.0,33.0
A-526d93,Company_66,HealthTech,FR,2024-04-14,organic,Basic,43,False,False,9,39201,470412,4355.666666666667,43.888888888888886,11.11111111111111,5.0,51.4,134.6,3.5,1.0,565.0,159213.0,45.0
A-f92792,Company_67,FinTech,US,2024-07-04,ads,Pro,1,False,False,14,18807,225684,1343.357142857143,14.428571428571429,0.0,2.0,45.0,82.0,4.0,0.0,528.0,149124.0,31.0
A-84ebe4,Company_68,FinTech,US,2023-03-12,ads,Pro,18,True,True,11,27994,335928,2544.909090909091,29.636363636363637,18.181818181818183,4.0,29.5,135.5,4.0,0.0,396.0,123655.0,26.0
A-5b4ebb,Company_69,Cybersecurity,UK,2024-07-10,other,Basic,21,True,True,13,27803,333636,2138.6923076923076,28.307692307692307,7.6923076923076925,5.0,35.4,63.0,4.75,0.0,692.0,196300.0,25.0
A-2922b6,Company_70,HealthTech,US,2024-11-14,organic,Basic,15,False,False,6,10669,128028,1778.1666666666667,25.166666666666668,16.666666666666664,2.0,15.5,103.0,4.0,0.0,393.0,117237.0,13.0
A-9b9fe9,Company_71,EdTech,AU,2023-09-28,other,Basic,5,False,False,12,19725,236700,1643.75,27.583333333333332,8.333333333333332,4.0,33.5,156.5,4.0,0.0,597.0,196701.0,22.0
A-a8b49c,Company_72,Cybersecurity,UK,2023-10-06,partner,Basic,7,False,False,12,11567,138804,963.9166666666666,14.833333333333334,0.0,1.0,72.0,105.0,4.0,0.0,545.0,183399.0,43.0
A-9174e0,Company_73,Cybersecurity,US,2024-12-04,partner,Basic,37,False,False,15,53976,647712,3598.4,40.6,6.666666666666667,2.0,39.0,167.0,5.0,0.0,689.0,206138.0,61.0
A-a1bbb6,Company_74,DevTools,CA,2023-04-05,organic,Basic,1,False,False,8,14402,172824,1800.25,14.125,12.5,3.0,17.666666666666668,120.66666666666667,4.0,0.0,366.0,118465.0,20.0
A-c45b23,Company_75,FinTech,UK,2023-12-08,partner,Basic,5,False,False,12,8504,102048,708.6666666666666,10.916666666666666,8.333333333333332,3.0,36.666666666666664,51.666666666666664,3.0,0.0,581.0,181056.0,30.0
A-02cd81,Company_76,HealthTech,IN,2024-03-28,other,Basic,44,False,False,14,32956,395472,2354.0,44.0,7.142857142857142,3.0,17.333333333333332,84.66666666666667,4.5,1.0,684.0,219304.0,28.0
A-ee42db,Company_77,EdTech,DE,2023-04-25,ads,Enterprise,13,False,False,12,11567,138804,963.9166666666666,26.25,0.0,4.0,33.75,98.25,3.0,0.0,511.0,150876.0,33.0
A-432483,Company_78,Cybersecurity,US,2023-02-06,ads,Pro,4,False,False,9,25813,309756,2868.1111111111113,21.22222222222222,33.33333333333333,1.0,51.0,128.0,0.0,0.0,451.0,151460.0,28.0
A-9208f0,Company_79,EdTech,US,2023-05-11,organic,Pro,1,False,True,8,3511,42132,438.875,19.125,12.5,8.0,41.25,59.75,3.3333333333333335,1.0,538.0,158701.0,31.0
A-98a59a,Company_80,FinTech,UK,2023-08-04,partner,Enterprise,56,False,False,10,36456,437472,3645.6,65.2,0.0,3.0,37.333333333333336,74.0,4.5,0.0,455.0,124429.0,21.0
A-fe79a5,Company_81,HealthTech,IN,2024-02-21,ads,Basic,9,True,False,10,13532,162384,1353.2,11.4,20.0,4.0,28.5,61.0,5.0,0.0,335.0,96672.0,17.0
A-726cfa,Company_82,DevTools,US,2023-07-01,partner,Pro,11,False,False,19,34782,417384,1830.6315789473683,21.05263157894737,10.526315789473683,3.0,35.666666666666664,128.33333333333334,4.0,0.0,993.0,281986.0,45.0
A-c43359,Company_83,FinTech,US,2024-11-16,organic,Pro,38,False,False,8,12312,147744,1539.0,38.0,25.0,3.0,26.666666666666668,107.33333333333333,4.0,0.0,461.0,147051.0,32.0
A-271f46,Company_84,DevTools,US,2023-02-09,event,Pro,38,False,True,8,19604,235248,2450.5,39.0,0.0,1.0,36.0,79.0,0.0,0.0,373.0,114563.0,16.0
A-157070,Company_85,FinTech,US,2023-11-09,ads,Pro,16,False,False,16,27506,330072,1719.125,24.75,25.0,3.0,42.333333333333336,118.0,3.0,1.0,696.0,186928.0,26.0
A-40a557,Company_86,Cybersecurity,AU,2023-12-03,partner,Pro,16,True,False,9,23324,279888,2591.5555555555557,21.555555555555557,11.11111111111111,7.0,30.571428571428573,94.71428571428571,3.6666666666666665,0.0,402.0,114217.0,17.0
A-66224b,Company_87,HealthTech,US,2024-10-18,other,Pro,92,True,False,12,69184,830208,5765.333333333333,93.58333333333333,8.333333333333332,6.0,39.833333333333336,82.5,3.5,0.0,626.0,185229.0,29.0
A-91e948,Company_88,EdTech,AU,2023-01-29,partner,Basic,41,False,False,7,21894,262728,3127.714285714286,41.0,0.0,0.0,0.0,0.0,0.0,0.0,404.0,115260.0,16.0
A-104f1a,Company_89,Cybersecurity,US,2024-08-17,other,Pro,24,False,False,8,12617,151404,1577.125,42.25,12.5,5.0,33.2,50.4,3.75,1.0,438.0,156949.0,22.0
A-7988d1,Company_90,Cybersecurity,US,2023-12-20,other,Basic,33,False,False,9,10692,128304,1188.0,39.55555555555556,11.11111111111111,3.0,35.333333333333336,65.33333333333333,4.333333333333333,0.0,449.0,138265.0,28.0
A-faa28c,Company_91,HealthTech,US,2024-01-30,organic,Enterprise,48,False,False,14,58404,700848,4171.714285714285,49.285714285714285,14.285714285714285,4.0,52.25,115.5,4.666666666666667,1.0,585.0,162007.0,24.0
A-f25509,Company_92,EdTech,US,2024-03-22,other,Enterprise,32,False,False,5,16122,193464,3224.4,40.0,0.0,6.0,42.666666666666664,116.0,4.666666666666667,0.0,229.0,73603.0,15.0
A-3a7284,Company_93,FinTech,US,2024-11-17,organic,Enterprise,31,False,False,12,35519,426228,2959.9166666666665,36.0,25.0,3.0,56.333333333333336,104.33333333333333,3.5,0.0,609.0,191562.0,30.0
A-3a5ad8,Company_94,HealthTech,US,2023-12-05,organic,Enterprise,9,True,False,13,28701,344412,2207.769230769231,25.23076923076923,0.0,4.0,44.75,53.5,4.5,0.0,506.0,127878.0,23.0
A-65a46c,Company_95,HealthTech,US,2023-11-04,event,Pro,1,False,False,8,22675,272100,2834.375,31.0,12.5,8.0,45.125,91.125,4.0,0.0,370.0,115219.0,21.0
A-8b25f2,Company_96,Cybersecurity,US,2024-02-17,ads,Pro,6,False,True,13,14048,168576,1080.6153846153845,16.0,15.384615384615385,2.0,35.5,50.5,4.0,0.0,565.0,159394.0,20.0
A-fabe19,Company_97,DevTools,UK,2024-11-11,ads,Enterprise,1,False,False,7,20497,245964,2928.1428571428573,19.571428571428573,28.57142857142857,3.0,40.666666666666664,38.333333333333336,4.0,0.0,337.0,112966.0,16.0
A-adc1f3,Company_98,Cybersecurity,US,2024-08-05,organic,Pro,2,False,False,9,26608,319296,2956.4444444444443,17.555555555555557,11.11111111111111,3.0,47.333333333333336,65.0,3.5,0.0,334.0,120133.0,26.0
A-503d5a,Company_99,FinTech,US,2023-10-21,other,Enterprise,4,False,True,12,17884,214608,1490.3333333333333,20.583333333333332,0.0,9.0,36.55555555555556,81.77777777777777,4.0,0.0,605.0,211565.0,32.0
A-fd7ad3,Company_100,Cybersecurity,US,2024-11-01,event,Enterprise,1,False,False,10,3831,45972,383.1,11.5,20.0,8.0,48.75,98.125,4.166666666666667,1.0,567.0,171957.0,42.0
A-186a44,Company_101,HealthTech,US,2023-08-07,ads,Enterprise,20,False,False,14,20989,251868,1499.2142857142858,22.214285714285715,7.142857142857142,7.0,38.285714285714285,110.42857142857143,3.5,0.0,614.0,205539.0,25.0
A-e888d1,Company_102,Cybersecurity,US,2023-03-28,other,Pro,14,False,False,11,13646,163752,1240.5454545454545,22.727272727272727,18.181818181818183,5.0,43.0,104.0,4.0,1.0,552.0,158087.0,36.0
A-69fad4,Company_103,FinTech,UK,2023-04-06,ads,Basic,6,False,True,7,8721,104652,1245.857142857143,16.0,28.57142857142857,4.0,43.0,116.75,3.6666666666666665,0.0,412.0,124646.0,24.0
A-9289f6,Company_104,EdTech,US,2023-05-31,event,Enterprise,1,False,False,12,13096,157152,1091.3333333333333,21.666666666666668,8.333333333333332,6.0,37.5,70.0,4.333333333333333,0.0,642.0,200375.0,38.0
A-f19409,Company_105,DevTools,US,2023-03-16,other,Basic,23,False,True,12,34136,409632,2844.6666666666665,28.5,8.333333333333332,3.0,6.333333333333333,103.33333333333333,4.0,0.0,659.0,209812.0,31.0
A-22f2df,Company_106,DevTools,US,2024-12-14,ads,Basic,3,False,False,9,7451,89412,827.8888888888889,17.22222222222222,0.0,5.0,44.8,71.6,5.0,0.0,429.0,119127.0,17.0
A-039727,Company_107,EdTech,AU,2024-11-02,organic,Pro,25,False,False,15,36420,437040,2428.0,27.933333333333334,6.666666666666667,0.0,0.0,0.0,0.0,0.0,768.0,249545.0,32.0
A-2e3bad,Company_108,FinTech,CA,2023-08-13,other,Pro,61,False,False,10,45872,550464,4587.2,61.0,20.0,5.0,31.4,107.0,3.5,0.0,435.0,123738.0,26.0
A-484819,Company_109,HealthTech,US,2023-02-21,organic,Pro,18,False,False,8,20604,247248,2575.5,19.5,25.0,5.0,33.2,139.6,4.5,0.0,336.0,116076.0,20.0
A-425e76,Company_110,DevTools,UK,2023-05-17,other,Enterprise,8,False,True,11,17111,205332,1555.5454545454545,24.454545454545453,9.090909090909092,5.0,48.2,119.2,3.3333333333333335,1.0,438.0,136419.0,24.0
A-e83938,Company_111,DevTools,UK,2023-11-21,other,Pro,2,True,True,8,7503,90036,937.875,16.25,0.0,4.0,31.0,72.5,3.0,0.0,266.0,87249.0,18.0
A-ad296b,Company_112,DevTools,AU,2024-07-15,event,Pro,38,False,False,6,18430,221160,3071.6666666666665,38.0,16.666666666666664,3.0,28.333333333333332,83.33333333333333,3.6666666666666665,1.0,294.0,103805.0,12.0
A-e51ec7,Company_113,FinTech,CA,2023-09-23,partner,Enterprise,2,False,False,8,24076,288912,3009.5,16.75,12.5,3.0,37.0,93.33333333333333,5.0,0.0,417.0,126745.0,18.0
A-0aaf6e,Company_114,FinTech,US,2024-05-11,organic,Enterprise,3,False,False,9,24084,289008,2676.0,23.88888888888889,11.11111111111111,5.0,45.0,75.4,4.0,0.0,599.0,172442.0,39.0
A-e61e98,Company_115,FinTech,US,2023-10-20,partner,Enterprise,19,False,True,9,13484,161808,1498.2222222222222,26.444444444444443,0.0,6.0,30.333333333333332,88.5,4.6,1.0,527.0,131994.0,25.0
A-92a333,Company_116,FinTech,US,2023-03-24,event,Enterprise,9,False,False,6,10659,127908,1776.5,23.5,0.0,4.0,23.25,58.25,0.0,1.0,364.0,103645.0,30.0
A-95b24a,Company_117,FinTech,US,2023-06-06,event,Pro,38,False,True,11,25034,300408,2275.818181818182,39.27272727272727,0.0,5.0,21.2,90.4,4.25,0.0,611.0,188856.0,34.0
A-42e5e1,Company_118,DevTools,US,2024-07-09,ads,Pro,1,False,True,7,8916,106992,1273.7142857142858,18.428571428571427,14.285714285714285,3.0,29.0,81.33333333333333,4.0,0.0,411.0,116704.0,41.0
A-7d514c,Company_119,HealthTech,DE,2024-02-03,organic,Enterprise,17,False,False,9,24274,291288,2697.1111111111113,22.22222222222222,11.11111111111111,3.0,33.333333333333336,49.666666666666664,5.0,0.0,502.0,146707.0,30.0
A-65aeb5,Company_120,DevTools,US,2024-01-25,partner,Pro,9,False,False,12,34392,412704,2866.0,19.75,25.0,2.0,42.5,159.5,5.0,0.0,533.0,148034.0,40.0
A-e2cd1b,Company_121,DevTools,US,2024-02-04,other,Enterprise,15,False,False,9,12548,150576,1394.2222222222222,33.55555555555556,0.0,5.0,37.8,76.0,4.0,0.0,465.0,138043.0,18.0
A-180abf,Company_122,DevTools,US,2023-08-14,event,Pro,64,False,True,9,37312,447744,4145.777777777777,64.0,22.22222222222222,3.0,36.333333333333336,62.333333333333336,3.0,0.0,499.0,136250.0,28.0
A-f17767,Company_123,DevTools,US,2023-01-30,event,Enterprise,1,True,True,14,16139,193668,1152.7857142857142,13.642857142857142,14.285714285714285,3.0,36.333333333333336,115.0,4.0,1.0,713.0,208977.0,38.0
A-5a184f,Company_124,DevTools,DE,2023-06-19,other,Enterprise,1,False,True,10,20683,248196,2068.3,26.6,10.0,3.0,15.333333333333334,42.333333333333336,4.333333333333333,0.0,587.0,175629.0,29.0
A-7df7a7,Company_125,DevTools,US,2023-01-28,organic,Basic,7,False,True,15,29155,349860,1943.6666666666667,19.266666666666666,6.666666666666667,3.0,28.0,93.0,4.0,1.0,922.0,256811.0,47.0
A-1ac5e0,Company_126,DevTools,US,2024-10-20,event,Basic,33,False,True,10,18249,218988,1824.9,33.0,0.0,7.0,40.42857142857143,76.0,3.8,0.0,558.0,167904.0,31.0
A-52dd88,Company_127,Cybersecurity,US,2023-02-21,ads,Pro,23,False,False,11,16592,199104,1508.3636363636363,24.636363636363637,0.0,1.0,72.0,111.0,0.0,0.0,516.0,180823.0,33.0
A-bece89,Company_128,Cybersecurity,IN,2023-12-01,event,Pro,26,False,False,6,19250,231000,3208.3333333333335,28.333333333333332,0.0,4.0,32.5,103.75,4.0,1.0,176.0,48112.0,13.0
A-029f69,Company_129,Cybersecurity,CA,2024-03-07,event,Basic,3,False,False,16,14638,175656,914.875,13.75,18.75,2.0,42.0,108.0,3.0,0.0,789.0,241275.0,42.0
A-5c046d,Company_130,EdTech,FR,2024-07-06,partner,Basic,93,False,False,8,83886,1006632,10485.75,93.0,0.0,1.0,13.0,128.0,3.0,0.0,475.0,127926.0,23.0
A-fb186e,Company_131,EdTech,IN,2024-10-27,organic,Basic,29,False,False,3,5771,69252,1923.6666666666667,30.333333333333332,0.0,6.0,26.166666666666668,81.0,3.6666666666666665,0.0,207.0,72170.0,7.0
A-ae052e,Company_132,FinTech,CA,2023-09-11,other,Basic,39,False,False,6,7693,92316,1282.1666666666667,39.166666666666664,50.0,4.0,31.25,60.5,4.0,0.0,300.0,88383.0,12.0
A-9f9299,Company_133,FinTech,US,2023-09-02,organic,Enterprise,28,True,False,15,42403,508836,2826.866666666667,30.466666666666665,20.0,5.0,36.2,116.2,5.0,0.0,830.0,258465.0,54.0
A-96e141,Company_134,DevTools,UK,2023-08-12,partner,Basic,14,False,False,7,15468,185616,2209.714285714286,24.571428571428573,14.285714285714285,5.0,32.8,68.4,4.333333333333333,0.0,346.0,81587.0,19.0
A-117171,Company_135,HealthTech,FR,2024-09-12,organic,Basic,45,False,True,5,12015,144180,2403.0,45.0,20.0,6.0,32.5,68.33333333333333,3.6666666666666665,1.0,208.0,59864.0,11.0
A-313be3,Company_136,EdTech,US,2023-11-15,partner,Enterprise,47,True,False,11,19006,228072,1727.8181818181818,47.81818181818182,0.0,4.0,22.5,80.25,5.0,1.0,560.0,164545.0,40.0
A-671f31,Company_137,DevTools,US,2024-11-24,ads,Basic,59,False,False,6,30385,364620,5064.166666666667,62.833333333333336,0.0,7.0,33.0,78.0,4.2,0.0,167.0,43449.0,16.0
A-bbc346,Company_138,FinTech,US,2024-08-29,partner,Enterprise,19,False,False,13,33122,397464,2547.846153846154,25.76923076923077,15.384615384615385,3.0,45.333333333333336,102.66666666666667,4.5,0.0,650.0,179376.0,37.0
A-c16101,Company_139,EdTech,IN,2024-09-06,other,Basic,7,False,False,10,12422,149064,1242.2,15.8,0.0,4.0,28.0,82.0,5.0,1.0,561.0,185984.0,29.0
A-50f3f7,Company_140,HealthTech,US,2023-12-22,partner,Basic,31,False,True,15,44077,528924,2938.4666666666667,39.0,0.0,6.0,37.833333333333336,67.83333333333333,5.0,1.0,685.0,206893.0,45.0
A-7da956,Company_141,Cybersecurity,US,2024-06-02,event,Pro,13,True,False,12,10963,131556,913.5833333333334,14.916666666666666,16.666666666666664,3.0,32.666666666666664,88.0,5.0,0.0,543.0,150431.0,35.0
A-019782,Company_142,DevTools,FR,2023-04-19,event,Enterprise,11,False,False,9,8353,100236,928.1111111111111,13.666666666666666,11.11111111111111,2.0,10.0,107.0,3.0,0.0,562.0,160848.0,30.0
A-df10db,Company_143,DevTools,US,2023-06-06,other,Enterprise,2,True,False,11,11730,140760,1066.3636363636363,17.09090909090909,9.090909090909092,2.0,68.5,86.5,3.0,1.0,697.0,214976.0,40.0
A-3932db,Company_144,HealthTech,CA,2023-10-04,other,Pro,19,True,True,9,14087,169044,1565.2222222222222,29.88888888888889,11.11111111111111,6.0,41.0,86.5,4.333333333333333,0.0,434.0,134963.0,28.0
A-4f18f0,Company_145,DevTools,CA,2024-04-21,other,Pro,24,True,False,12,30264,363168,2522.0,27.083333333333332,25.0,5.0,39.2,61.4,4.0,0.0,544.0,168051.0,25.0
A-4c6f11,Company_146,FinTech,CA,2023-11-27,organic,Pro,24,True,True,5,7586,91032,1517.2,26.8,0.0,3.0,44.666666666666664,63.0,4.333333333333333,0.0,268.0,84855.0,4.0
A-8ae05d,Company_147,FinTech,IN,2024-04-06,other,Enterprise,86,False,False,7,26230,314760,3747.1428571428573,86.0,14.285714285714285,1.0,47.0,48.0,4.0,0.0,203.0,77446.0,10.0
A-b78bf8,Company_148,DevTools,US,2024-11-15,event,Pro,33,False,False,8,22423,269076,2802.875,35.0,0.0,5.0,24.2,88.8,4.2,0.0,421.0,123802.0,11.0
A-eafc6e,Company_149,DevTools,US,2023-07-06,partner,Pro,27,False,True,7,16229,194748,2318.4285714285716,36.0,0.0,1.0,64.0,136.0,0.0,0.0,300.0,90218.0,15.0
A-37f969,Company_150,HealthTech,IN,2023-10-14,partner,Enterprise,30,False,False,8,22959,275508,2869.875,32.625,0.0,5.0,22.2,94.0,3.6666666666666665,1.0,312.0,107852.0,14.0
A-10b8f2,Company_151,HealthTech,DE,2023-01-11,organic,Basic,47,True,False,12,30719,368628,2559.9166666666665,52.666666666666664,0.0,3.0,46.333333333333336,67.0,4.333333333333333,0.0,560.0,173183.0,23.0
A-439b2f,Company_152,DevTools,US,2024-02-21,ads,Enterprise,1,False,True,6,1796,21552,299.3333333333333,11.0,16.666666666666664,3.0,18.333333333333332,85.33333333333333,0.0,0.0,171.0,54271.0,5.0
A-544d0a,Company_153,DevTools,US,2024-05-02,organic,Basic,2,True,False,10,18492,221904,1849.2,17.1,0.0,2.0,38.5,98.0,4.0,1.0,510.0,152826.0,22.0
A-ba6516,Company_154,FinTech,US,2023-10-29,ads,Pro,27,False,False,13,28379,340548,2183.0,30.615384615384617,0.0,6.0,31.5,71.0,4.0,0.0,642.0,213554.0,32.0
A-712426,Company_155,HealthTech,US,2024-11-10,other,Enterprise,9,False,False,15,11197,134364,746.4666666666667,22.866666666666667,13.333333333333334,6.0,37.333333333333336,79.16666666666667,4.4,0.0,696.0,214681.0,31.0
A-038089,Company_156,DevTools,FR,2023-12-19,other,Pro,5,False,True,3,2104,25248,701.3333333333334,15.333333333333334,0.0,6.0,30.166666666666668,86.16666666666667,3.6666666666666665,0.0,210.0,63673.0,15.0
A-afa505,Company_157,DevTools,US,2023-12-27,partner,Basic,70,True,False,9,66010,792120,7334.444444444444,70.0,11.11111111111111,4.0,37.25,88.25,3.0,1.0,507.0,162673.0,28.0
A-d5a319,Company_158,FinTech,US,2023-05-04,other,Enterprise,15,False,True,12,37847,454164,3153.9166666666665,24.416666666666668,0.0,1.0,17.0,132.0,4.0,1.0,604.0,212655.0,43.0
A-f97b9a,Company_159,FinTech,US,2023-07-09,event,Pro,16,False,False,11,23833,285996,2166.6363636363635,27.272727272727273,0.0,7.0,31.714285714285715,69.85714285714286,3.6666666666666665,0.0,561.0,173241.0,33.0
A-2f6a32,Company_160,HealthTech,US,2024-08-26,organic,Basic,19,False,False,11,7513,90156,683.0,23.181818181818183,18.181818181818183,2.0,41.0,72.0,3.5,0.0,654.0,207283.0,46.0
A-856b1e,Company_161,FinTech,US,2023-10-31,partner,Basic,19,False,False,6,6321,75852,1053.5,24.666666666666668,0.0,5.0,36.0,79.4,0.0,1.0,230.0,63418.0,24.0
A-17939a,Company_162,HealthTech,US,2024-12-26,organic,Basic,1,False,False,11,9669,116028,879.0,28.181818181818183,18.181818181818183,7.0,38.0,83.42857142857143,4.5,0.0,440.0,121725.0,43.0
A-d27f50,Company_163,Cybersecurity,UK,2024-07-20,ads,Enterprise,44,False,False,12,44815,537780,3734.5833333333335,44.416666666666664,25.0,4.0,37.5,116.5,3.75,0.0,481.0,170101.0,31.0
A-e36807,Company_164,EdTech,AU,2024-05-17,other,Pro,6,False,False,10,12569,150828,1256.9,31.6,10.0,2.0,41.0,152.0,4.5,0.0,446.0,140849.0,27.0
A-ff79f2,Company_165,DevTools,US,2024-04-25,ads,Basic,8,False,True,9,27873,334476,3097.0,30.555555555555557,22.22222222222222,2.0,50.0,82.5,0.0,0.0,393.0,133848.0,12.0
A-5b1bcd,Company_166,DevTools,US,2023-09-16,organic,Pro,73,False,False,15,133298,1599576,8886.533333333333,73.0,6.666666666666667,4.0,43.25,92.5,4.5,0.0,869.0,251284.0,54.0
A-71615e,Company_167,EdTech,US,2024-05-18,organic,Basic,15,False,False,13,40713,488556,3131.769230769231,31.923076923076923,0.0,1.0,49.0,77.0,0.0,0.0,620.0,194799.0,41.0
A-794a0b,Company_168,HealthTech,DE,2023-06-02,organic,Basic,23,False,False,7,10575,126900,1510.7142857142858,25.857142857142858,0.0,0.0,0.0,0.0,0.0,0.0,347.0,94200.0,31.0
A-86902e,Company_169,HealthTech,IN,2023-05-02,other,Enterprise,34,False,False,10,36041,432492,3604.1,36.7,10.0,9.0,40.888888888888886,71.44444444444444,3.5,0.0,628.0,202329.0,36.0
A-0532a9,Company_170,FinTech,IN,2024-09-25,event,Pro,19,False,False,10,15161,181932,1516.1,20.9,0.0,8.0,30.75,73.375,3.0,0.0,519.0,157792.0,30.0
A-9779ad,Company_171,Cybersecurity,AU,2024-03-29,event,Pro,40,True,True,10,51680,620160,5168.0,40.0,0.0,3.0,20.666666666666668,116.33333333333333,5.0,0.0,413.0,109079.0,25.0
A-f45426,Company_172,HealthTech,US,2024-08-05,organic,Basic,9,False,False,11,17289,207468,1571.7272727272727,19.818181818181817,18.181818181818183,3.0,17.0,69.0,4.0,0.0,624.0,191651.0,49.0
A-c1e51e,Company_173,FinTech,US,2024-10-02,organic,Basic,3,False,False,10,23905,286860,2390.5,23.5,30.0,5.0,40.0,75.6,3.2,0.0,518.0,152228.0,36.0
A-fa3095,Company_174,FinTech,US,2023-09-03,ads,Basic,70,False,False,12,69230,830760,5769.166666666667,70.0,0.0,5.0,49.2,84.0,5.0,0.0,600.0,202100.0,42.0
A-ad64c6,Company_175,DevTools,UK,2024-02-23,event,Pro,12,False,False,6,14708,176496,2451.3333333333335,24.333333333333332,16.666666666666664,4.0,34.0,98.5,5.0,0.0,215.0,79605.0,18.0
A-39b19f,Company_176,FinTech,US,2023-02-03,partner,Enterprise,1,False,False,11,21237,254844,1930.6363636363637,30.818181818181817,18.181818181818183,6.0,47.833333333333336,87.5,4.25,1.0,530.0,135061.0,37.0
A-56962b,Company_177,EdTech,UK,2024-04-09,partner,Enterprise,163,False,False,7,54605,655260,7800.714285714285,163.0,14.285714285714285,4.0,37.5,105.5,3.0,0.0,271.0,81944.0,25.0
A-e60f9d,Company_178,FinTech,US,2024-08-26,other,Basic,29,False,False,15,50817,609804,3387.8,36.13333333333333,13.333333333333334,2.0,70.5,106.5,0.0,0.0,629.0,158587.0,24.0
A-88c6ca,Company_179,FinTech,DE,2024-10-25,ads,Basic,5,False,True,7,6449,77388,921.2857142857143,16.0,0.0,1.0,56.0,12.0,0.0,0.0,446.0,130195.0,19.0
A-158f4e,Company_180,FinTech,IN,2023-03-03,other,Enterprise,61,False,False,12,43859,526308,3654.9166666666665,61.0,8.333333333333332,5.0,27.6,126.0,4.333333333333333,0.0,453.0,124458.0,29.0
A-5b051a,Company_181,Cybersecurity,US,2024-08-05,event,Enterprise,22,False,False,4,2332,27984,583.0,22.0,25.0,1.0,2.0,2.0,3.0,0.0,171.0,44864.0,17.0
A-296d7c,Company_182,DevTools,DE,2023-11-08,other,Enterprise,2,False,False,7,1989,23868,284.14285714285717,10.714285714285714,0.0,5.0,50.4,105.2,3.75,0.0,357.0,124753.0,18.0
A-1619f8,Company_183,DevTools,US,2024-05-20,organic,Pro,29,False,False,7,19790,237480,2827.1428571428573,32.714285714285715,0.0,3.0,42.0,81.0,5.0,0.0,432.0,142787.0,26.0
A-a1b80b,Company_184,HealthTech,US,2023-11-27,organic,Basic,16,False,False,16,34589,415068,2161.8125,21.8125,6.25,4.0,41.0,72.5,4.0,0.0,749.0,222610.0,48.0
A-139c3b,Company_185,HealthTech,US,2024-11-21,organic,Enterprise,10,True,True,8,9027,108324,1128.375,21.75,25.0,9.0,28.444444444444443,66.11111111111111,4.5,0.0,478.0,150601.0,16.0
A-702032,Company_186,HealthTech,US,2023-10-03,ads,Pro,28,False,False,6,8540,102480,1423.3333333333333,28.0,33.33333333333333,4.0,26.0,98.25,3.0,0.0,285.0,91776.0,15.0
A-7a0d69,Company_187,DevTools,DE,2024-06-15,ads,Enterprise,4,True,True,11,10362,124344,942.0,15.818181818181818,0.0,2.0,29.0,52.5,5.0,0.0,606.0,179167.0,31.0
A-22d9d2,Company_188,DevTools,FR,2024-03-22,event,Pro,8,False,False,14,18746,224952,1339.0,23.142857142857142,21.428571428571427,6.0,16.0,88.0,4.0,1.0,782.0,239679.0,43.0
A-b9eed8,Company_189,Cybersecurity,US,2024-02-23,organic,Basic,11,False,False,11,16577,198924,1507.0,15.727272727272727,0.0,5.0,29.2,103.8,3.75,1.0,623.0,168474.0,55.0
A-dfbd31,Company_190,DevTools,UK,2023-12-04,partner,Enterprise,14,False,False,14,25079,300948,1791.357142857143,25.928571428571427,0.0,6.0,29.666666666666668,129.83333333333334,4.25,0.0,599.0,182273.0,19.0
A-8e47ca,Company_191,HealthTech,US,2024-02-15,organic,Pro,19,False,False,9,28120,337440,3124.4444444444443,21.11111111111111,11.11111111111111,5.0,33.4,80.6,4.0,1.0,441.0,133497.0,35.0
A-4437e4,Company_192,Cybersecurity,US,2023-09-16,event,Enterprise,3,False,False,16,17831,213972,1114.4375,14.0625,6.25,6.0,34.666666666666664,125.33333333333333,3.0,2.0,806.0,260271.0,43.0
A-779e4e,Company_193,HealthTech,US,2023-01-02,organic,Basic,5,False,False,10,28081,336972,2808.1,28.9,20.0,5.0,26.6,91.6,4.0,0.0,393.0,111038.0,20.0
A-53f4e3,Company_194,Cybersecurity,UK,2024-06-14,event,Enterprise,13,False,False,10,15072,180864,1507.2,25.8,10.0,5.0,28.6,99.0,4.0,0.0,410.0,127529.0,45.0
A-692f18,Company_195,EdTech,US,2024-03-28,other,Basic,5,True,True,17,30550,366600,1797.0588235294117,15.882352941176471,5.88235294117647,2.0,37.5,120.0,5.0,0.0,871.0,261911.0,55.0
A-13466a,Company_196,DevTools,AU,2023-10-22,event,Basic,2,False,True,6,13343,160116,2223.8333333333335,23.666666666666668,66.66666666666666,3.0,32.333333333333336,94.33333333333333,4.333333333333333,1.0,205.0,57539.0,14.0
A-1986ca,Company_197,HealthTech,IN,2023-01-30,ads,Pro,20,False,False,7,27661,331932,3951.5714285714284,22.714285714285715,0.0,7.0,36.57142857142857,106.57142857142857,3.4,0.0,362.0,102382.0,23.0
A-0cc442,Company_198,EdTech,US,2024-07-18,organic,Basic,45,False,False,13,61935,743220,4764.2307692307695,49.61538461538461,15.384615384615385,3.0,37.0,47.333333333333336,3.0,0.0,765.0,230759.0,41.0
A-c608c8,Company_199,DevTools,DE,2023-04-27,ads,Pro,3,False,True,8,9514,114168,1189.25,17.0,12.5,2.0,59.0,66.0,3.0,0.0,445.0,144345.0,27.0
A-3be56b,Company_200,HealthTech,IN,2023-10-26,event,Pro,3,False,True,12,17040,204480,1420.0,22.583333333333332,16.666666666666664,4.0,40.25,74.0,3.5,0.0,528.0,169908.0,33.0
A-354f12,Company_201,FinTech,US,2024-04-28,ads,Pro,1,True,False,4,8889,106668,2222.25,12.75,0.0,2.0,56.5,137.5,0.0,0.0,158.0,48510.0,3.0
A-68f37c,Company_202,HealthTech,US,2023-07-15,ads,Basic,4,False,False,12,32270,387240,2689.1666666666665,31.916666666666668,16.666666666666664,5.0,20.2,119.8,4.0,0.0,624.0,202756.0,40.0
A-aa9511,Company_203,DevTools,US,2023-10-10,other,Pro,23,True,False,15,60970,731640,4064.6666666666665,34.0,13.333333333333334,2.0,56.5,98.5,4.0,0.0,625.0,189526.0,35.0
A-af0cd2,Company_204,Cybersecurity,IN,2023-01-03,other,Enterprise,19,True,False,11,6460,77520,587.2727272727273,25.818181818181817,18.181818181818183,3.0,54.333333333333336,149.33333333333334,0.0,0.0,687.0,225366.0,33.0
A-bd4513,Company_205,DevTools,AU,2024-11-06,event,Enterprise,50,True,False,12,52204,626448,4350.333333333333,51.333333333333336,16.666666666666664,3.0,42.0,58.666666666666664,4.666666666666667,0.0,507.0,157547.0,34.0
A-c222ab,Company_206,Cybersecurity,US,2024-05-10,other,Pro,32,False,True,7,18656,223872,2665.1428571428573,32.0,14.285714285714285,4.0,39.0,94.5,5.0,0.0,435.0,133441.0,33.0
A-34d880,Company_207,Cybersecurity,AU,2024-04-11,ads,Enterprise,4,False,False,9,20964,251568,2329.3333333333335,19.11111111111111,11.11111111111111,5.0,52.2,90.8,3.0,0.0,474.0,144424.0,40.0
A-508199,Company_208,FinTech,AU,2024-01-28,event,Basic,19,False,False,5,8436,101232,1687.2,20.6,0.0,3.0,50.666666666666664,67.33333333333333,3.0,0.0,231.0,80389.0,15.0
A-f03140,Company_209,DevTools,IN,2023-11-22,event,Pro,27,True,False,10,21075,252900,2107.5,28.2,0.0,7.0,36.0,113.14285714285714,3.6666666666666665,0.0,595.0,196965.0,22.0
A-410e86,Company_210,FinTech,US,2024-11-10,organic,Basic,24,False,False,7,15960,191520,2280.0,25.285714285714285,28.57142857142857,5.0,42.6,110.0,3.5,0.0,292.0,107443.0,21.0
A-fa2041,Company_211,HealthTech,US,2024-05-29,organic,Pro,15,True,False,12,20915,250980,1742.9166666666667,21.833333333333332,0.0,1.0,16.0,99.0,3.0,0.0,552.0,157263.0,34.0
A-de58ca,Company_212,HealthTech,DE,2023-04-13,organic,Enterprise,15,False,False,11,23905,286860,2173.181818181818,38.18181818181818,18.181818181818183,5.0,30.6,115.0,3.3333333333333335,0.0,505.0,141942.0,33.0
A-05d3b3,Company_213,DevTools,AU,2023-05-28,ads,Basic,9,True,False,13,12610,151320,970.0,17.923076923076923,7.6923076923076925,6.0,31.5,48.333333333333336,4.333333333333333,0.0,642.0,193363.0,22.0
A-249769,Company_214,Cybersecurity,US,2024-04-25,event,Enterprise,4,False,True,13,15717,188604,1209.0,13.23076923076923,0.0,2.0,39.5,96.5,4.0,0.0,678.0,193777.0,30.0
A-e43bf7,Company_215,Cybersecurity,AU,2023-03-24,other,Pro,44,False,False,7,46666,559992,6666.571428571428,47.714285714285715,0.0,5.0,27.4,80.0,4.0,1.0,371.0,103455.0,35.0
A-eb2fdc,Company_216,DevTools,AU,2023-11-21,organic,Enterprise,31,False,True,12,31968,383616,2664.0,33.5,8.333333333333332,5.0,33.6,37.6,4.5,0.0,547.0,174663.0,17.0
A-e1462e,Company_217,FinTech,UK,2023-03-12,partner,Basic,15,False,False,7,12030,144360,1718.5714285714287,23.285714285714285,0.0,2.0,39.5,118.5,3.5,0.0,347.0,98097.0,22.0
A-cab532,Company_218,DevTools,FR,2023-04-03,organic,Pro,11,True,False,15,20088,241056,1339.2,24.0,6.666666666666667,1.0,32.0,175.0,4.0,0.0,1005.0,273639.0,47.0
A-9123ac,Company_219,Cybersecurity,DE,2023-06-20,organic,Pro,9,False,False,7,14751,177012,2107.285714285714,16.285714285714285,0.0,6.0,38.833333333333336,91.66666666666667,4.2,0.0,386.0,120014.0,24.0
A-6e08f3,Company_220,Cybersecurity,US,2023-02-27,event,Basic,8,False,False,10,18190,218280,1819.0,17.2,0.0,2.0,36.5,137.0,3.5,0.0,492.0,149078.0,21.0
A-d922bf,Company_221,HealthTech,US,2023-09-08,ads,Basic,5,True,True,7,17114,205368,2444.8571428571427,18.857142857142858,14.285714285714285,7.0,39.142857142857146,101.14285714285714,3.3333333333333335,1.0,419.0,134119.0,19.0
A-8ed5dd,Company_222,EdTech,UK,2023-06-29,event,Enterprise,5,False,True,12,11956,143472,996.3333333333334,12.833333333333334,8.333333333333332,6.0,29.0,96.83333333333333,3.75,0.0,545.0,173217.0,45.0
A-7c6b6b,Company_223,FinTech,US,2024-11-30,other,Basic,6,False,False,7,4818,57816,688.2857142857143,14.571428571428571,28.57142857142857,5.0,52.2,82.4,4.333333333333333,0.0,311.0,82471.0,24.0
A-3c1a3f,Company_224,DevTools,UK,2023-08-26,event,Pro,1,False,False,12,14909,178908,1242.4166666666667,19.333333333333332,16.666666666666664,4.0,33.25,56.5,3.5,0.0,497.0,172341.0,22.0
A-b48f73,Company_225,EdTech,AU,2024-11-13,event,Pro,80,True,False,7,28320,339840,4045.714285714286,80.0,0.0,3.0,28.666666666666668,35.333333333333336,4.0,0.0,412.0,118416.0,23.0
A-76fa4d,Company_226,HealthTech,US,2024-11-24,event,Pro,69,False,False,7,61686,740232,8812.285714285714,69.0,28.57142857142857,5.0,33.4,111.8,4.5,0.0,357.0,126251.0,21.0
A-b2af2e,Company_227,Cybersecurity,UK,2024-08-24,event,Enterprise,5,False,False,4,3112,37344,778.0,22.0,0.0,2.0,39.5,95.0,4.0,0.0,174.0,60214.0,11.0
A-9bfc9f,Company_228,DevTools,CA,2023-09-14,ads,Pro,53,False,False,9,15342,184104,1704.6666666666667,53.77777777777778,11.11111111111111,6.0,35.333333333333336,84.33333333333333,3.3333333333333335,1.0,376.0,109862.0,18.0
A-4ae22a,Company_229,EdTech,US,2024-05-09,other,Pro,6,False,True,7,9432,113184,1347.4285714285713,15.428571428571429,14.285714285714285,3.0,14.333333333333334,72.66666666666667,3.0,0.0,369.0,142387.0,31.0
A-fda07f,Company_230,Cybersecurity,FR,2024-08-11,partner,Basic,7,False,False,12,28418,341016,2368.1666666666665,24.083333333333332,0.0,5.0,17.8,57.0,4.0,0.0,681.0,231376.0,39.0
A-de24d5,Company_231,DevTools,US,2024-11-05,other,Enterprise,5,True,False,13,21327,255924,1640.5384615384614,20.923076923076923,7.6923076923076925,7.0,43.142857142857146,103.42857142857143,3.0,0.0,537.0,140266.0,28.0
A-977ca0,Company_232,HealthTech,IN,2023-02-20,partner,Basic,6,False,True,16,30055,360660,1878.4375,24.8125,12.5,3.0,64.0,123.0,4.0,0.0,893.0,242860.0,46.0
A-ab438f,Company_233,Cybersecurity,US,2024-09-13,ads,Enterprise,13,False,True,8,16358,196296,2044.75,32.625,37.5,2.0,33.5,112.5,3.5,0.0,369.0,111452.0,12.0
A-e89151,Company_234,FinTech,UK,2023-09-14,organic,Pro,8,True,True,9,21734,260808,2414.8888888888887,19.555555555555557,22.22222222222222,2.0,41.5,48.5,5.0,0.0,601.0,188786.0,29.0
A-40906c,Company_235,EdTech,US,2024-03-27,ads,Basic,92,False,False,12,64400,772800,5366.666666666667,92.0,0.0,5.0,29.2,95.0,3.75,0.0,685.0,210243.0,32.0
A-81edc3,Company_236,Cybersecurity,IN,2023-10-30,ads,Basic,5,False,False,12,17524,210288,1460.3333333333333,16.916666666666668,0.0,3.0,52.666666666666664,70.0,4.0,0.0,765.0,245080.0,41.0
A-328bd0,Company_237,HealthTech,AU,2023-05-16,partner,Enterprise,18,False,False,13,15979,191748,1229.1538461538462,23.0,15.384615384615385,5.0,46.0,68.2,3.6666666666666665,0.0,568.0,162210.0,49.0
A-b3fe05,Company_238,Cybersecurity,CA,2024-05-28,partner,Pro,8,False,False,9,24494,293928,2721.5555555555557,26.22222222222222,11.11111111111111,4.0,48.25,94.25,3.0,0.0,438.0,141962.0,18.0
A-09540c,Company_239,Cybersecurity,CA,2023-10-30,event,Basic,67,True,False,6,23718,284616,3953.0,67.0,16.666666666666664,2.0,28.0,89.0,4.5,0.0,297.0,94696.0,16.0
A-e693b6,Company_240,FinTech,AU,2023-05-25,event,Enterprise,55,False,True,12,34155,409860,2846.25,55.0,16.666666666666664,1.0,1.0,144.0,3.0,0.0,681.0,206167.0,25.0
A-2446e3,Company_241,EdTech,IN,2024-01-10,organic,Pro,27,False,False,7,24138,289656,3448.285714285714,27.0,0.0,3.0,28.666666666666668,104.66666666666667,4.0,0.0,496.0,151037.0,32.0
A-241e75,Company_242,EdTech,US,2024-07-03,partner,Enterprise,3,False,False,5,3594,43128,718.8,19.2,0.0,4.0,31.5,101.0,4.5,0.0,266.0,100257.0,20.0
A-922109,Company_243,Cybersecurity,US,2024-01-26,ads,Pro,3,False,False,13,14118,169416,1086.0,16.076923076923077,7.6923076923076925,3.0,25.333333333333332,127.0,3.0,0.0,819.0,274464.0,34.0
A-ff3c73,Company_244,HealthTech,AU,2023-01-26,other,Pro,21,False,False,9,4335,52020,481.6666666666667,29.11111111111111,11.11111111111111,2.0,35.5,97.5,3.5,0.0,408.0,143989.0,23.0
A-8b0451,Company_245,FinTech,UK,2024-09-16,event,Enterprise,41,False,False,10,31709,380508,3170.9,41.2,10.0,7.0,26.571428571428573,83.71428571428571,3.5,0.0,606.0,177930.0,45.0
A-331424,Company_246,DevTools,US,2023-11-06,organic,Basic,11,False,False,6,6776,81312,1129.3333333333333,11.0,16.666666666666664,2.0,24.5,98.5,0.0,0.0,214.0,76170.0,9.0
A-51ec1b,Company_247,DevTools,US,2023-11-08,ads,Enterprise,7,False,False,6,11087,133044,1847.8333333333333,13.833333333333334,33.33333333333333,3.0,52.333333333333336,150.0,5.0,1.0,283.0,111162.0,12.0
A-bcf664,Company_248,DevTools,US,2023-05-19,other,Pro,5,False,False,13,13728,164736,1056.0,22.692307692307693,7.6923076923076925,5.0,36.0,110.6,4.0,1.0,575.0,181920.0,28.0
A-90a8c8,Company_249,FinTech,AU,2024-08-24,organic,Pro,15,False,False,7,26514,318168,3787.714285714286,29.571428571428573,0.0,4.0,45.0,29.5,3.25,0.0,404.0,127486.0,20.0
A-86cdb4,Company_250,DevTools,DE,2024-09-22,partner,Basic,2,False,False,9,3551,42612,394.55555555555554,13.666666666666666,22.22222222222222,5.0,26.4,105.8,4.333333333333333,0.0,492.0,167226.0,24.0
A-4bfa33,Company_251,Cybersecurity,US,2024-12-07,event,Basic,8,True,False,7,5606,67272,800.8571428571429,20.285714285714285,14.285714285714285,4.0,16.5,84.75,3.6666666666666665,0.0,329.0,78244.0,17.0
A-dbc825,Company_252,EdTech,FR,2024-01-07,partner,Enterprise,19,False,False,16,42404,508848,2650.25,27.1875,25.0,6.0,49.5,108.16666666666667,4.0,1.0,730.0,212801.0,58.0
A-c70870,Company_253,Cybersecurity,US,2024-10-22,partner,Basic,31,False,False,7,39614,475368,5659.142857142857,61.57142857142857,0.0,5.0,35.6,105.8,4.0,0.0,334.0,106338.0,18.0
A-7c4956,Company_254,DevTools,US,2023-05-06,ads,Enterprise,5,False,True,8,3409,40908,426.125,15.125,37.5,3.0,13.666666666666666,66.66666666666667,4.0,0.0,475.0,129707.0,40.0
A-0651a4,Company_255,HealthTech,FR,2024-10-16,organic,Pro,16,False,False,15,44564,534768,2970.9333333333334,26.8,6.666666666666667,4.0,29.25,48.5,4.0,0.0,705.0,201426.0,37.0
A-3ce5b8,Company_256,FinTech,IN,2023-09-07,ads,Basic,8,False,True,9,16650,199800,1850.0,37.333333333333336,0.0,10.0,42.5,101.8,3.7142857142857144,0.0,509.0,147802.0,29.0
A-bd4708,Company_257,FinTech,US,2024-07-21,ads,Pro,37,True,False,13,38975,467700,2998.076923076923,41.15384615384615,0.0,4.0,24.0,90.75,3.5,0.0,653.0,201897.0,30.0
A-993085,Company_258,HealthTech,US,2023-06-01,ads,Basic,31,True,False,15,48456,581472,3230.4,33.666666666666664,6.666666666666667,4.0,46.5,82.0,3.5,0.0,665.0,216015.0,50.0
A-92a3af,Company_259,Cybersecurity,IN,2024-07-07,organic,Enterprise,25,False,False,11,34538,414456,3139.818181818182,32.90909090909091,0.0,4.0,57.5,39.0,4.0,1.0,714.0,218189.0,55.0
A-151c9a,Company_260,FinTech,US,2023-01-27,ads,Enterprise,23,False,False,5,14250,171000,2850.0,30.0,0.0,2.0,31.0,156.5,3.5,0.0,366.0,120907.0,14.0
A-474ad4,Company_261,EdTech,US,2023-11-28,organic,Basic,8,False,False,15,12125,145500,808.3333333333334,16.8,13.333333333333334,3.0,33.0,50.666666666666664,5.0,1.0,605.0,183355.0,45.0
A-4ef964,Company_262,HealthTech,US,2024-03-07,organic,Pro,17,False,False,9,14279,171348,1586.5555555555557,26.444444444444443,11.11111111111111,3.0,42.666666666666664,86.33333333333333,4.0,0.0,487.0,150663.0,33.0
A-fd9422,Company_263,Cybersecurity,US,2024-04-04,organic,Pro,58,False,False,9,28130,337560,3125.5555555555557,58.0,11.11111111111111,6.0,44.333333333333336,116.83333333333333,3.5,1.0,456.0,143313.0,21.0
A-0baac2,Company_264,FinTech,DE,2024-05-30,organic,Enterprise,14,False,True,6,18500,222000,3083.3333333333335,23.333333333333332,33.33333333333333,6.0,43.5,89.0,4.333333333333333,0.0,202.0,73161.0,9.0
A-bb1486,Company_265,HealthTech,US,2024-11-05,organic,Basic,41,False,False,8,16307,195684,2038.375,47.875,12.5,3.0,11.0,78.0,3.0,0.0,405.0,118945.0,36.0
A-560d27,Company_266,DevTools,US,2024-05-05,organic,Pro,23,False,False,12,41641,499692,3470.0833333333335,34.166666666666664,8.333333333333332,4.0,30.75,59.75,3.6666666666666665,0.0,587.0,185616.0,38.0
A-0b0d6d,Company_267,DevTools,US,2024-12-30,organic,Pro,3,False,False,13,33491,401892,2576.230769230769,20.692307692307693,15.384615384615385,5.0,31.4,90.4,4.0,1.0,582.0,162411.0,48.0
A-2789e3,Company_268,FinTech,US,2024-09-14,partner,Enterprise,11,False,False,12,24489,293868,2040.75,18.583333333333332,0.0,4.0,47.25,83.25,4.0,0.0,680.0,205877.0,45.0
A-b07346,Company_269,HealthTech,US,2024-10-10,partner,Pro,51,False,True,5,31416,376992,6283.2,51.0,0.0,3.0,42.333333333333336,76.66666666666667,3.5,0.0,326.0,106943.0,22.0
A-902ef7,Company_270,HealthTech,US,2024-09-03,other,Enterprise,83,False,True,8,44322,531864,5540.25,83.0,0.0,2.0,48.5,85.0,4.0,0.0,414.0,145878.0,24.0
A-20736a,Company_271,EdTech,IN,2024-03-16,organic,Enterprise,50,False,False,7,40525,486300,5789.285714285715,53.57142857142857,0.0,4.0,42.25,78.25,3.75,0.0,430.0,108408.0,22.0
A-e4bf56,Company_272,HealthTech,IN,2024-10-28,ads,Pro,17,False,True,7,18926,227112,2703.714285714286,23.428571428571427,14.285714285714285,8.0,29.125,111.5,3.6666666666666665,0.0,339.0,115488.0,10.0
A-cea1f0,Company_273,FinTech,US,2024-04-07,event,Pro,8,False,True,10,12244,146928,1224.4,15.2,0.0,5.0,42.2,107.4,4.333333333333333,0.0,586.0,161188.0,28.0
A-ef84cf,Company_274,EdTech,US,2024-03-01,partner,Enterprise,8,False,False,5,7507,90084,1501.4,16.2,20.0,5.0,34.8,79.4,4.333333333333333,1.0,309.0,100420.0,11.0
A-d49cc5,Company_275,Cybersecurity,FR,2023-09-19,event,Basic,50,False,False,8,13325,159900,1665.625,53.125,0.0,4.0,32.0,55.25,4.5,0.0,436.0,142933.0,34.0
A-67be94,Company_276,EdTech,US,2023-04-04,organic,Enterprise,26,False,False,7,21930,263160,3132.8571428571427,38.57142857142857,14.285714285714285,5.0,38.6,51.0,4.0,0.0,416.0,127197.0,17.0
A-4e960a,Company_277,FinTech,US,2024-01-17,other,Enterprise,12,True,True,12,23942,287304,1995.1666666666667,20.583333333333332,0.0,6.0,29.166666666666668,83.16666666666667,4.0,0.0,512.0,153943.0,21.0
A-c37cab,Company_278,Cybersecurity,UK,2024-07-29,event,Pro,13,False,False,12,29433,353196,2452.75,26.333333333333332,16.666666666666664,4.0,33.0,101.25,3.75,1.0,708.0,203309.0,40.0
A-533452,Company_279,DevTools,AU,2024-11-12,organic,Pro,9,False,False,11,20664,247968,1878.5454545454545,29.09090909090909,9.090909090909092,4.0,32.75,35.5,4.0,0.0,595.0,172726.0,44.0
A-443b7c,Company_280,Cybersecurity,US,2024-09-06,other,Enterprise,1,False,True,16,24062,288744,1503.875,24.625,12.5,8.0,29.25,49.0,4.4,0.0,618.0,195039.0,29.0
A-1f7acb,Company_281,FinTech,UK,2023-08-06,ads,Basic,64,True,False,8,46912,562944,5864.0,64.0,0.0,7.0,41.714285714285715,129.57142857142858,4.4,0.0,510.0,164068.0,47.0
A-f51f16,Company_282,HealthTech,US,2023-12-25,partner,Enterprise,1,False,False,8,13310,159720,1663.75,17.75,12.5,4.0,29.25,91.0,3.0,0.0,384.0,146093.0,28.0
A-5a3eb9,Company_283,DevTools,CA,2023-08-20,other,Enterprise,18,True,False,13,20293,243516,1561.0,30.53846153846154,7.6923076923076925,3.0,24.0,83.0,0.0,0.0,722.0,216880.0,34.0
A-5f2961,Company_284,HealthTech,US,2024-11-22,partner,Basic,4,False,False,7,10299,123588,1471.2857142857142,24.428571428571427,0.0,1.0,53.0,19.0,0.0,0.0,348.0,103023.0,19.0
A-417d2f,Company_285,Cybersecurity,IN,2023-07-04,partner,Pro,4,True,False,16,22933,275196,1433.3125,20.5625,6.25,6.0,43.5,80.5,4.333333333333333,0.0,722.0,206401.0,31.0
A-e98302,Company_286,EdTech,US,2023-12-26,ads,Enterprise,16,True,False,6,12567,150804,2094.5,30.5,16.666666666666664,9.0,44.44444444444444,99.44444444444444,4.142857142857143,0.0,273.0,88751.0,18.0
A-8bde0c,Company_287,DevTools,US,2024-11-04,organic,Basic,12,False,False,18,34198,410376,1899.888888888889,26.444444444444443,11.11111111111111,3.0,25.666666666666668,86.33333333333333,4.0,0.0,773.0,240908.0,43.0
A-bcf87c,Company_288,FinTech,US,2024-06-27,event,Pro,10,False,True,11,21770,261240,1979.090909090909,20.09090909090909,18.181818181818183,2.0,63.0,49.5,4.0,0.0,503.0,147590.0,19.0
A-54ecc2,Company_289,Cybersecurity,US,2023-06-11,partner,Enterprise,4,False,False,11,16168,194016,1469.8181818181818,13.272727272727273,0.0,5.0,37.4,72.0,5.0,0.0,607.0,183498.0,39.0
A-625d0b,Company_290,EdTech,AU,2024-09-02,ads,Basic,9,False,False,11,11893,142716,1081.1818181818182,17.363636363636363,9.090909090909092,5.0,48.4,72.4,3.0,0.0,529.0,141489.0,38.0
A-fce879,Company_291,EdTech,UK,2024-09-24,partner,Pro,10,True,True,5,6797,81564,1359.4,25.6,0.0,2.0,28.0,61.5,4.0,0.0,299.0,98740.0,14.0
A-b07b56,Company_292,DevTools,US,2024-11-08,event,Pro,25,False,True,15,16984,203808,1132.2666666666667,26.333333333333332,6.666666666666667,4.0,31.25,93.75,3.0,0.0,633.0,185462.0,39.0
A-6da850,Company_293,FinTech,IN,2023-10-07,organic,Pro,5,False,False,16,18559,222708,1159.9375,16.375,18.75,5.0,49.0,76.4,4.0,0.0,714.0,186370.0,54.0
A-342303,Company_294,EdTech,US,2024-03-16,other,Pro,1,True,False,3,1695,20340,565.0,18.333333333333332,0.0,3.0,29.333333333333332,71.33333333333333,4.5,0.0,141.0,23149.0,5.0
A-e7a1e2,Company_295,Cybersecurity,US,2024-06-23,event,Enterprise,3,False,False,12,20042,240504,1670.1666666666667,13.916666666666666,8.333333333333332,1.0,45.0,37.0,4.0,0.0,703.0,220928.0,36.0
A-f1f639,Company_296,EdTech,US,2023-02-26,ads,Basic,2,False,False,4,2919,35028,729.75,5.25,0.0,7.0,20.0,67.57142857142857,4.8,0.0,139.0,43097.0,10.0
A-a865bd,Company_297,Cybersecurity,US,2023-09-19,organic,Pro,38,False,False,5,21022,252264,4204.4,47.6,0.0,2.0,31.5,21.5,3.0,0.0,230.0,60120.0,13.0
A-4e631b,Company_298,FinTech,US,2024-03-16,other,Enterprise,22,False,False,11,24398,292776,2218.0,24.0,0.0,2.0,24.5,52.0,4.0,0.0,502.0,154668.0,29.0
A-7f6b86,Company_299,HealthTech,US,2023-08-24,partner,Basic,45,True,True,9,19402,232824,2155.777777777778,48.111111111111114,11.11111111111111,7.0,40.42857142857143,96.57142857142857,3.6666666666666665,0.0,420.0,144249.0,14.0
A-8adedc,Company_300,EdTech,US,2024-02-11,event,Basic,4,True,True,14,28328,339936,2023.4285714285713,26.714285714285715,14.285714285714285,4.0,49.25,56.75,4.0,0.0,583.0,165997.0,33.0
A-2edab2,Company_301,HealthTech,US,2023-11-17,event,Enterprise,17,False,False,10,11390,136680,1139.0,17.0,10.0,4.0,30.0,102.25,3.0,0.0,487.0,160804.0,26.0
A-149a69,Company_302,DevTools,US,2024-10-17,event,Basic,34,False,False,3,8058,96696,2686.0,34.0,0.0,8.0,33.875,120.875,4.2,0.0,208.0,59894.0,9.0
A-a6d261,Company_303,FinTech,CA,2023-11-29,other,Pro,9,False,False,14,38191,458292,2727.9285714285716,23.428571428571427,7.142857142857142,4.0,40.0,63.25,4.666666666666667,1.0,627.0,189235.0,29.0
A-443f6f,Company_304,Cybersecurity,US,2024-12-07,organic,Basic,19,False,False,9,13594,163128,1510.4444444444443,21.77777777777778,11.11111111111111,4.0,28.0,122.25,4.666666666666667,0.0,527.0,158149.0,28.0
A-202b67,Company_305,HealthTech,US,2024-03-22,organic,Pro,11,False,False,9,18168,218016,2018.6666666666667,21.333333333333332,11.11111111111111,4.0,36.75,90.5,4.666666666666667,0.0,447.0,110514.0,40.0
A-00bed1,Company_306,Cybersecurity,US,2023-11-14,ads,Basic,28,True,False,10,33506,402072,3350.6,34.2,0.0,4.0,31.75,106.25,4.0,0.0,514.0,143734.0,27.0
A-ffc04f,Company_307,EdTech,US,2024-06-06,ads,Pro,13,False,False,15,20039,240468,1335.9333333333334,19.333333333333332,13.333333333333334,7.0,17.714285714285715,58.57142857142857,4.5,1.0,857.0,277347.0,64.0
A-65c341,Company_308,FinTech,US,2023-12-26,ads,Pro,11,True,False,8,30546,366552,3818.25,26.875,25.0,5.0,41.4,87.8,4.0,0.0,410.0,147068.0,18.0
A-dcc2f0,Company_309,FinTech,UK,2023-07-22,organic,Basic,15,False,False,15,17493,209916,1166.2,18.066666666666666,6.666666666666667,2.0,27.0,100.0,0.0,0.0,833.0,243699.0,26.0
A-ced9aa,Company_310,DevTools,US,2024-10-05,other,Enterprise,3,False,False,11,6252,75024,568.3636363636364,7.090909090909091,18.181818181818183,7.0,28.857142857142858,102.85714285714286,3.0,0.0,531.0,166970.0,39.0
A-3d957b,Company_311,HealthTech,UK,2024-04-04,other,Pro,14,False,False,6,11852,142224,1975.3333333333333,26.333333333333332,16.666666666666664,3.0,41.333333333333336,79.33333333333333,3.0,0.0,143.0,43699.0,13.0
A-89ee83,Company_312,Cybersecurity,US,2024-10-04,organic,Pro,1,False,True,11,24907,298884,2264.2727272727275,23.0,18.181818181818183,5.0,21.8,66.2,4.0,1.0,565.0,172626.0,26.0
A-883b7d,Company_313,Cybersecurity,IN,2024-03-28,other,Basic,17,False,False,12,30524,366288,2543.6666666666665,35.666666666666664,8.333333333333332,7.0,25.571428571428573,62.285714285714285,3.6,1.0,644.0,189514.0,40.0
A-dcc3f1,Company_314,HealthTech,US,2023-12-27,event,Pro,21,False,False,8,12747,152964,1593.375,25.5,0.0,9.0,35.666666666666664,83.44444444444444,3.8,0.0,500.0,137958.0,32.0
A-c62e55,Company_315,EdTech,US,2023-02-08,partner,Basic,1,True,False,9,11902,142824,1322.4444444444443,23.11111111111111,0.0,4.0,27.5,101.25,4.0,0.0,337.0,87045.0,13.0
A-e4144b,Company_316,EdTech,UK,2024-10-22,other,Pro,41,False,False,10,35424,425088,3542.4,44.8,0.0,3.0,57.0,172.33333333333334,4.0,0.0,439.0,133397.0,21.0
A-e40f45,Company_317,HealthTech,US,2024-04-18,organic,Pro,21,False,False,7,11825,141900,1689.2857142857142,25.142857142857142,14.285714285714285,7.0,26.714285714285715,96.28571428571429,4.333333333333333,0.0,401.0,122954.0,26.0
A-96215d,Company_318,FinTech,US,2024-08-08,event,Enterprise,10,False,False,6,10312,123744,1718.6666666666667,14.666666666666666,0.0,1.0,25.0,115.0,3.0,0.0,347.0,104442.0,21.0
A-2b9d3e,Company_319,EdTech,US,2023-06-04,partner,Enterprise,1,False,False,9,5142,61704,571.3333333333334,13.222222222222221,0.0,3.0,34.666666666666664,79.33333333333333,5.0,0.0,444.0,142589.0,19.0
A-b7724f,Company_320,HealthTech,UK,2023-03-28,organic,Basic,1,False,False,8,3222,38664,402.75,21.0,37.5,3.0,28.666666666666668,92.0,3.0,0.0,380.0,93251.0,16.0
A-310452,Company_321,DevTools,FR,2024-12-25,other,Enterprise,9,False,False,5,11003,132036,2200.6,17.2,0.0,5.0,34.2,113.6,3.6,0.0,268.0,65581.0,16.0
A-eb1312,Company_322,FinTech,US,2024-09-16,partner,Pro,25,False,False,12,18147,217764,1512.25,30.25,8.333333333333332,1.0,68.0,117.0,5.0,0.0,663.0,188047.0,38.0
A-df1e44,Company_323,Cybersecurity,UK,2024-02-23,organic,Enterprise,12,False,False,11,13107,157284,1191.5454545454545,23.363636363636363,9.090909090909092,2.0,53.0,109.5,5.0,0.0,420.0,122432.0,14.0
A-6a7c9d,Company_324,Cybersecurity,US,2024-10-24,organic,Enterprise,26,False,True,5,13028,156336,2605.6,30.4,20.0,3.0,34.333333333333336,60.0,4.0,0.0,189.0,65006.0,6.0
A-cbd1a3,Company_325,DevTools,US,2024-11-25,other,Basic,6,False,True,10,16351,196212,1635.1,17.7,0.0,4.0,34.5,81.75,4.0,0.0,465.0,128809.0,32.0
A-a8d89d,Company_326,EdTech,US,2023-12-08,ads,Pro,13,False,False,12,29320,351840,2443.3333333333335,22.25,0.0,2.0,44.5,139.0,5.0,0.0,551.0,170966.0,26.0
A-600734,Company_327,DevTools,US,2023-11-14,organic,Pro,29,True,True,13,18132,217584,1394.7692307692307,31.307692307692307,15.384615384615385,7.0,52.57142857142857,89.42857142857143,3.6666666666666665,1.0,660.0,190076.0,30.0
A-86fc1d,Company_328,DevTools,UK,2024-07-26,partner,Basic,26,False,False,9,15181,182172,1686.7777777777778,30.77777777777778,22.22222222222222,5.0,27.0,59.2,4.0,0.0,363.0,111108.0,26.0
A-78f02b,Company_329,HealthTech,US,2024-11-17,event,Enterprise,11,False,False,4,15081,180972,3770.25,54.75,0.0,4.0,45.75,55.0,4.0,0.0,211.0,62349.0,16.0
A-acb7f7,Company_330,EdTech,US,2024-01-06,ads,Basic,32,False,False,12,32574,390888,2714.5,33.333333333333336,0.0,3.0,41.0,91.0,3.5,0.0,612.0,176628.0,36.0
A-712f1c,Company_331,DevTools,US,2023-12-16,ads,Basic,17,False,True,12,42999,515988,3583.25,31.583333333333332,8.333333333333332,6.0,41.666666666666664,88.83333333333333,4.0,0.0,631.0,181302.0,34.0
A-3793ee,Company_332,Cybersecurity,CA,2023-03-21,organic,Enterprise,49,True,False,7,26705,320460,3815.0,49.0,14.285714285714285,4.0,43.75,100.25,4.0,0.0,352.0,97381.0,11.0
A-9a532a,Company_333,HealthTech,US,2024-07-06,partner,Enterprise,11,False,False,4,10945,131340,2736.25,29.25,0.0,2.0,57.5,128.5,0.0,0.0,185.0,75595.0,15.0
A-2ebb4b,Company_334,HealthTech,US,2023-05-15,ads,Basic,41,False,False,10,30688,368256,3068.8,43.4,10.0,2.0,43.5,136.5,3.0,0.0,488.0,143502.0,33.0
A-6843f2,Company_335,HealthTech,CA,2024-12-10,ads,Enterprise,21,False,False,9,16520,198240,1835.5555555555557,21.22222222222222,0.0,2.0,36.5,78.0,3.0,0.0,481.0,126424.0,17.0
A-c9bb3e,Company_336,EdTech,US,2024-03-24,ads,Pro,5,False,False,10,15217,182604,1521.7,28.1,10.0,7.0,27.714285714285715,86.14285714285714,4.2,1.0,474.0,171153.0,20.0
A-4814a3,Company_337,Cybersecurity,IN,2024-09-17,event,Basic,87,False,True,11,87957,1055484,7996.090909090909,87.0,9.090909090909092,4.0,18.75,97.0,4.0,1.0,587.0,168767.0,45.0
A-b7b7b7,Company_338,FinTech,US,2024-06-30,event,Basic,24,False,True,12,28558,342696,2379.8333333333335,31.25,0.0,3.0,17.0,99.0,5.0,0.0,571.0,166390.0,26.0
A-ccc747,Company_339,HealthTech,FR,2024-01-12,event,Pro,16,False,True,6,4812,57744,802.0,20.666666666666668,16.666666666666664,4.0,32.25,83.25,5.0,1.0,284.0,89582.0,13.0
A-bb3bd4,Company_340,HealthTech,US,2024-01-27,ads,Basic,23,False,False,7,7452,89424,1064.5714285714287,23.0,0.0,11.0,32.72727272727273,106.36363636363636,4.142857142857143,0.0,315.0,93609.0,11.0
A-09316c,Company_341,FinTech,AU,2024-09-11,organic,Enterprise,70,False,False,11,70000,840000,6363.636363636364,70.0,0.0,4.0,54.75,106.25,3.75,1.0,566.0,149461.0,31.0
A-96bbc6,Company_342,Cybersecurity,US,2024-05-07,organic,Enterprise,39,False,False,8,30426,365112,3803.25,44.25,0.0,3.0,51.333333333333336,67.0,3.3333333333333335,0.0,482.0,152806.0,25.0
A-bc4d48,Company_343,EdTech,US,2024-06-12,ads,Pro,35,True,False,7,12390,148680,1770.0,35.0,0.0,6.0,41.166666666666664,65.83333333333333,4.2,1.0,321.0,89391.0,9.0
A-b30291,Company_344,HealthTech,US,2024-04-05,event,Basic,5,True,True,10,5375,64500,537.5,16.0,10.0,1.0,16.0,1.0,0.0,0.0,519.0,161097.0,31.0
A-cdf020,Company_345,DevTools,AU,2023-08-16,organic,Pro,23,False,False,8,18072,216864,2259.0,31.375,37.5,4.0,29.5,39.25,4.0,0.0,379.0,119522.0,18.0
A-e6afc1,Company_346,DevTools,US,2023-02-24,ads,Pro,1,False,False,11,22582,270984,2052.909090909091,30.454545454545453,0.0,0.0,0.0,0.0,0.0,0.0,679.0,196287.0,30.0
A-e3bd71,Company_347,Cybersecurity,US,2023-03-25,partner,Basic,31,False,False,11,41630,499560,3784.5454545454545,40.81818181818182,9.090909090909092,4.0,30.25,119.0,4.0,0.0,638.0,187024.0,27.0
A-b179bf,Company_348,Cybersecurity,IN,2024-10-27,ads,Basic,43,False,False,5,17931,215172,3586.2,43.0,0.0,6.0,24.666666666666668,94.33333333333333,4.0,0.0,398.0,110855.0,18.0
A-098560,Company_349,DevTools,UK,2023-10-21,ads,Enterprise,1,False,True,11,12326,147912,1120.5454545454545,19.727272727272727,9.090909090909092,2.0,28.0,100.0,3.0,1.0,567.0,174302.0,32.0
A-82861f,Company_350,DevTools,UK,2024-04-25,organic,Basic,41,False,False,10,43633,523596,4363.3,42.7,30.0,5.0,24.4,55.0,3.2,0.0,462.0,130873.0,43.0
A-94c3cd,Company_351,FinTech,CA,2023-09-20,other,Enterprise,32,False,False,6,9036,108432,1506.0,35.0,0.0,4.0,44.75,116.5,3.5,1.0,306.0,104197.0,18.0
A-a33200,Company_352,HealthTech,US,2024-09-15,partner,Basic,29,False,False,12,28913,346956,2409.4166666666665,31.416666666666668,8.333333333333332,3.0,36.333333333333336,88.33333333333333,4.5,0.0,517.0,150997.0,26.0
A-034368,Company_353,EdTech,US,2023-11-05,event,Enterprise,19,False,False,5,11194,134328,2238.8,25.0,0.0,5.0,41.2,91.8,4.0,0.0,265.0,80423.0,25.0
A-b54c01,Company_354,DevTools,US,2024-09-29,event,Enterprise,29,False,False,4,3393,40716,848.25,29.0,0.0,5.0,42.6,77.2,3.0,0.0,226.0,64973.0,17.0
A-d82ef9,Company_355,EdTech,UK,2024-07-02,other,Basic,26,False,True,14,14327,171924,1023.3571428571429,30.214285714285715,7.142857142857142,5.0,39.8,91.6,4.25,1.0,679.0,194022.0,46.0
A-bb2f49,Company_356,Cybersecurity,US,2023-05-28,other,Pro,8,False,False,11,23990,287880,2180.909090909091,29.818181818181817,9.090909090909092,3.0,22.333333333333332,102.33333333333333,4.0,0.0,618.0,190070.0,42.0
A-1f559b,Company_357,HealthTech,US,2023-09-04,organic,Enterprise,5,True,True,10,11756,141072,1175.6,22.4,20.0,5.0,50.4,116.2,4.2,0.0,400.0,117267.0,27.0
A-5a215a,Company_358,EdTech,FR,2024-01-05,other,Enterprise,87,False,False,18,130152,1561824,7230.666666666667,87.0,33.33333333333333,4.0,29.5,38.0,4.0,0.0,807.0,271652.0,71.0
A-3f9cc0,Company_359,HealthTech,US,2024-06-03,event,Basic,22,False,False,7,19940,239280,2848.5714285714284,23.142857142857142,0.0,5.0,34.8,112.6,4.5,1.0,407.0,124321.0,24.0
A-f9cc74,Company_360,DevTools,FR,2024-10-12,partner,Enterprise,30,True,False,10,15557,186684,1555.7,32.3,10.0,6.0,49.833333333333336,118.33333333333333,4.0,0.0,484.0,130826.0,22.0
A-ed510f,Company_361,Cybersecurity,IN,2023-01-17,partner,Basic,42,False,False,10,36162,433944,3616.2,42.0,10.0,9.0,44.55555555555556,82.55555555555556,4.0,0.0,493.0,160744.0,28.0
A-5c9849,Company_362,EdTech,IN,2024-11-03,partner,Basic,19,False,False,9,36755,441060,4083.8888888888887,36.888888888888886,11.11111111111111,4.0,59.5,41.0,0.0,1.0,473.0,151483.0,23.0
A-a7bd4b,Company_363,Cybersecurity,US,2023-02-15,ads,Enterprise,5,False,False,11,6268,75216,569.8181818181819,17.454545454545453,27.27272727272727,6.0,36.833333333333336,86.16666666666667,3.25,0.0,576.0,166772.0,37.0
A-d4ac0e,Company_364,DevTools,UK,2024-04-20,ads,Basic,18,False,False,19,27557,330684,1450.3684210526317,29.473684210526315,5.263157894736842,4.0,21.0,34.0,3.5,0.0,793.0,245619.0,53.0
A-ffdfd5,Company_365,EdTech,US,2024-04-13,organic,Basic,3,False,True,10,14322,171864,1432.2,21.6,10.0,0.0,0.0,0.0,0.0,0.0,529.0,139609.0,28.0
A-0dbdc6,Company_366,Cybersecurity,DE,2023-02-12,other,Pro,30,False,True,9,28273,339276,3141.4444444444443,34.111111111111114,0.0,4.0,47.0,95.25,5.0,0.0,512.0,155107.0,31.0
A-7cfe77,Company_367,DevTools,US,2024-07-10,ads,Pro,69,False,False,5,12765,153180,2553.0,69.0,0.0,7.0,30.714285714285715,105.57142857142857,3.5,0.0,205.0,57582.0,11.0
A-1f0636,Company_368,EdTech,AU,2024-01-01,partner,Pro,105,False,False,11,94710,1136520,8610.0,105.0,9.090909090909092,2.0,38.5,75.0,3.5,0.0,685.0,212120.0,30.0
A-40de06,Company_369,Cybersecurity,US,2023-05-08,event,Enterprise,28,False,True,16,28862,346344,1803.875,32.5625,12.5,3.0,40.333333333333336,67.66666666666667,4.0,0.0,902.0,267400.0,43.0
A-cb5333,Company_370,DevTools,US,2024-03-26,ads,Pro,33,False,False,16,26256,315072,1641.0,35.0625,6.25,4.0,30.75,85.75,3.0,0.0,796.0,263767.0,34.0
A-309e54,Company_371,DevTools,US,2024-12-09,other,Pro,15,False,False,11,28549,342588,2595.3636363636365,31.545454545454547,9.090909090909092,5.0,23.8,90.2,3.0,0.0,509.0,168199.0,24.0
A-6e7827,Company_372,DevTools,US,2023-03-26,other,Basic,1,False,False,9,8344,100128,927.1111111111111,15.11111111111111,11.11111111111111,2.0,51.0,83.5,3.5,0.0,419.0,123307.0,31.0
A-50bb9f,Company_373,Cybersecurity,US,2024-07-12,organic,Pro,2,False,False,8,17263,207156,2157.875,23.375,12.5,7.0,33.285714285714285,74.71428571428571,4.0,0.0,276.0,99328.0,15.0
A-5fe118,Company_374,Cybersecurity,US,2024-11-07,other,Enterprise,39,False,False,5,22290,267480,4458.0,55.8,0.0,1.0,19.0,26.0,4.0,0.0,233.0,59902.0,12.0
A-5247b3,Company_375,FinTech,UK,2024-03-12,partner,Pro,16,True,False,11,11791,141492,1071.909090909091,23.727272727272727,9.090909090909092,5.0,45.8,96.6,4.0,0.0,610.0,177212.0,29.0
A-f44180,Company_376,Cybersecurity,UK,2023-02-13,event,Pro,9,False,False,11,28788,345456,2617.090909090909,20.363636363636363,18.181818181818183,2.0,46.5,123.0,5.0,0.0,520.0,164121.0,22.0
A-c16cf7,Company_377,EdTech,US,2024-10-16,event,Pro,13,True,False,10,12274,147288,1227.4,24.4,10.0,3.0,48.333333333333336,111.66666666666667,3.5,0.0,577.0,144846.0,26.0
A-d42431,Company_378,FinTech,FR,2024-06-09,ads,Enterprise,22,True,False,9,21160,253920,2351.1111111111113,31.11111111111111,11.11111111111111,4.0,24.25,119.5,4.0,0.0,457.0,133864.0,34.0
A-6965e1,Company_379,DevTools,US,2024-11-25,organic,Basic,13,False,False,12,27765,333180,2313.75,17.583333333333332,0.0,3.0,39.0,128.33333333333334,3.0,0.0,627.0,188154.0,29.0
A-0354fe,Company_380,Cybersecurity,US,2024-10-22,other,Basic,34,False,False,7,15470,185640,2210.0,34.0,14.285714285714285,4.0,20.0,69.25,4.0,0.0,463.0,152435.0,30.0
A-0a62f5,Company_381,FinTech,UK,2024-09-11,partner,Pro,16,False,False,4,4861,58332,1215.25,19.75,0.0,2.0,33.5,105.0,0.0,0.0,244.0,74890.0,7.0
A-f5641b,Company_382,EdTech,US,2024-03-30,other,Pro,31,False,False,10,39120,469440,3912.0,33.1,10.0,4.0,47.5,98.0,3.0,1.0,438.0,141649.0,18.0
A-b44e3e,Company_383,Cybersecurity,UK,2024-02-12,ads,Basic,40,False,False,7,43521,522252,6217.285714285715,45.57142857142857,14.285714285714285,3.0,40.0,75.33333333333333,4.333333333333333,0.0,387.0,114913.0,13.0
A-3b37d9,Company_384,FinTech,US,2023-01-27,event,Enterprise,23,False,False,7,19435,233220,2776.4285714285716,23.714285714285715,14.285714285714285,5.0,36.0,89.8,4.5,0.0,451.0,128119.0,21.0
A-54d94a,Company_385,Cybersecurity,IN,2023-05-01,event,Basic,27,False,False,11,12557,150684,1141.5454545454545,34.09090909090909,9.090909090909092,4.0,53.75,82.75,3.5,0.0,582.0,174162.0,28.0
A-7f29a7,Company_386,Cybersecurity,UK,2024-09-18,event,Basic,41,True,False,11,18860,226320,1714.5454545454545,41.0,27.27272727272727,1.0,24.0,5.0,4.0,0.0,619.0,177209.0,38.0
A-089363,Company_387,FinTech,AU,2023-05-06,event,Basic,2,False,False,14,21104,253248,1507.4285714285713,18.142857142857142,14.285714285714285,3.0,35.0,91.33333333333333,3.6666666666666665,0.0,628.0,196491.0,33.0
A-524364,Company_388,DevTools,FR,2024-12-31,partner,Enterprise,3,False,False,6,9552,114624,1592.0,31.5,0.0,3.0,47.666666666666664,75.33333333333333,4.333333333333333,0.0,237.0,72569.0,24.0
A-855a48,Company_389,EdTech,US,2023-12-22,partner,Pro,14,True,False,8,30376,364512,3797.0,26.75,0.0,5.0,39.6,122.0,3.6666666666666665,0.0,448.0,145908.0,16.0
A-756192,Company_390,FinTech,IN,2023-06-11,other,Basic,19,False,False,10,21400,256800,2140.0,28.8,0.0,3.0,37.333333333333336,102.33333333333333,4.0,0.0,617.0,183585.0,43.0
A-49b828,Company_391,FinTech,IN,2023-05-05,ads,Pro,6,False,False,14,31108,373296,2222.0,19.142857142857142,0.0,3.0,13.666666666666666,87.66666666666667,3.5,1.0,687.0,187183.0,45.0
A-c7ffc2,Company_392,Cybersecurity,US,2023-01-27,partner,Pro,30,True,False,12,36112,433344,3009.3333333333335,42.333333333333336,0.0,2.0,64.0,86.0,3.0,0.0,640.0,200957.0,28.0
A-751c58,Company_393,FinTech,UK,2024-07-18,organic,Basic,15,False,False,11,19597,235164,1781.5454545454545,28.545454545454547,0.0,5.0,39.6,130.0,4.333333333333333,0.0,574.0,179405.0,12.0
A-72799b,Company_394,DevTools,FR,2023-11-13,event,Enterprise,20,False,True,10,17315,207780,1731.5,26.5,10.0,2.0,33.5,80.0,4.5,1.0,550.0,154998.0,34.0
A-812c5b,Company_395,DevTools,CA,2024-02-25,organic,Basic,55,False,True,13,29884,358608,2298.769230769231,62.0,0.0,4.0,27.0,88.25,4.0,0.0,866.0,269595.0,46.0
A-69b156,Company_396,EdTech,US,2023-11-21,other,Pro,7,False,True,9,14293,171516,1588.111111111111,11.555555555555555,22.22222222222222,7.0,32.0,100.57142857142857,4.0,0.0,360.0,102483.0,20.0
A-075038,Company_397,HealthTech,UK,2023-05-12,ads,Basic,17,False,False,14,18909,226908,1350.642857142857,31.428571428571427,0.0,2.0,43.5,54.0,3.0,0.0,743.0,198728.0,31.0
A-940b8b,Company_398,HealthTech,DE,2024-03-19,organic,Basic,1,False,False,8,9640,115680,1205.0,24.0,0.0,3.0,41.333333333333336,89.33333333333333,4.0,0.0,362.0,121184.0,32.0
A-2d1036,Company_399,FinTech,US,2024-06-14,ads,Pro,69,False,True,13,64653,775836,4973.307692307692,69.0,23.076923076923077,5.0,37.8,49.0,4.6,1.0,692.0,181335.0,40.0
A-0f6450,Company_400,FinTech,US,2024-12-27,other,Pro,28,True,True,11,23800,285600,2163.6363636363635,28.0,0.0,8.0,29.75,81.625,3.8333333333333335,1.0,539.0,174670.0,39.0
A-9affe6,Company_401,Cybersecurity,US,2023-03-22,other,Pro,7,False,False,11,10636,127632,966.9090909090909,19.454545454545453,18.181818181818183,3.0,58.0,76.0,3.0,0.0,473.0,144853.0,16.0
A-80eeb6,Company_402,Cybersecurity,UK,2023-05-09,organic,Enterprise,22,False,False,16,68489,821868,4280.5625,35.4375,18.75,4.0,40.25,68.25,3.6666666666666665,1.0,725.0,221904.0,43.0
A-d4e0d4,Company_403,FinTech,US,2024-10-18,other,Basic,117,False,False,10,138060,1656720,13806.0,117.0,10.0,4.0,39.25,76.25,4.0,0.0,488.0,144771.0,33.0
A-c7e58b,Company_404,HealthTech,IN,2023-06-25,other,Pro,3,False,False,7,5384,64608,769.1428571428571,10.285714285714286,0.0,5.0,30.6,98.4,3.5,0.0,343.0,105853.0,18.0
A-016043,Company_405,EdTech,CA,2024-07-31,organic,Basic,4,True,False,11,16516,198192,1501.4545454545455,20.454545454545453,9.090909090909092,3.0,30.333333333333332,78.0,4.0,0.0,490.0,132075.0,21.0
A-bbe56f,Company_406,HealthTech,US,2023-02-16,ads,Enterprise,21,False,False,5,6025,72300,1205.0,21.2,0.0,4.0,26.25,120.5,4.0,0.0,232.0,60604.0,8.0
A-7c5768,Company_407,HealthTech,UK,2024-03-02,event,Enterprise,3,False,False,9,3389,40668,376.55555555555554,20.88888888888889,0.0,5.0,28.8,96.4,4.0,0.0,461.0,142276.0,31.0
A-751bd4,Company_408,Cybersecurity,UK,2024-07-12,partner,Pro,10,False,False,2,190,2280,95.0,22.5,0.0,6.0,23.166666666666668,112.0,4.25,1.0,92.0,32629.0,0.0
A-4e0e85,Company_409,DevTools,US,2023-09-08,organic,Enterprise,6,False,False,8,4544,54528,568.0,29.25,0.0,2.0,53.0,119.5,5.0,0.0,288.0,80419.0,9.0
A-ad3abd,Company_410,FinTech,US,2023-03-03,event,Pro,44,False,False,7,16896,202752,2413.714285714286,44.0,42.857142857142854,3.0,13.0,70.33333333333333,3.0,0.0,296.0,94866.0,11.0
A-e19ff6,Company_411,Cybersecurity,UK,2023-07-28,partner,Enterprise,1,False,False,12,4910,58920,409.1666666666667,16.833333333333332,0.0,3.0,30.666666666666668,115.0,4.666666666666667,0.0,456.0,144844.0,24.0
A-7920cc,Company_412,Cybersecurity,FR,2023-11-23,ads,Pro,39,False,False,16,52089,625068,3255.5625,42.5,0.0,7.0,32.857142857142854,113.42857142857143,4.333333333333333,0.0,601.0,177512.0,28.0
A-5a92e7,Company_413,HealthTech,US,2024-06-11,ads,Pro,4,False,False,19,12671,152052,666.8947368421053,16.210526315789473,10.526315789473683,7.0,45.0,86.14285714285714,4.4,0.0,885.0,276337.0,76.0
A-fdfc91,Company_414,Cybersecurity,US,2023-05-06,ads,Basic,29,False,False,10,20612,247344,2061.2,42.7,10.0,5.0,28.8,121.0,3.6666666666666665,0.0,564.0,158143.0,29.0
A-1e50e0,Company_415,Cybersecurity,DE,2023-02-21,other,Pro,19,True,True,5,13295,159540,2659.0,34.8,20.0,2.0,20.5,143.0,5.0,1.0,194.0,62650.0,15.0
A-1e1b80,Company_416,FinTech,CA,2023-09-12,other,Enterprise,50,False,False,12,48647,583764,4053.9166666666665,50.25,0.0,6.0,43.0,67.5,3.2,0.0,682.0,209315.0,47.0
A-659280,Company_417,FinTech,IN,2023-11-17,event,Enterprise,13,True,True,12,21450,257400,1787.5,24.083333333333332,0.0,4.0,8.0,123.75,4.333333333333333,0.0,613.0,186122.0,34.0
A-f6b2fb,Company_418,DevTools,AU,2024-04-23,event,Basic,23,False,False,10,23359,280308,2335.9,25.7,20.0,5.0,55.0,88.6,4.0,1.0,524.0,158412.0,37.0
A-cb6cc6,Company_419,DevTools,US,2023-04-03,ads,Basic,13,True,False,7,2622,31464,374.57142857142856,14.857142857142858,0.0,3.0,16.333333333333332,131.66666666666666,3.5,0.0,314.0,101719.0,26.0
A-d62e02,Company_420,Cybersecurity,US,2024-08-20,partner,Pro,6,False,False,10,21324,255888,2132.4,15.6,0.0,1.0,36.0,31.0,4.0,0.0,344.0,126757.0,23.0
A-d535f6,Company_421,DevTools,US,2024-09-03,organic,Basic,12,True,True,9,7415,88980,823.8888888888889,22.0,0.0,0.0,0.0,0.0,0.0,0.0,477.0,146053.0,29.0
A-39868b,Company_422,FinTech,AU,2024-03-17,partner,Pro,9,False,False,5,4194,50328,838.8,10.6,0.0,6.0,39.0,100.83333333333333,4.25,0.0,305.0,106292.0,21.0
A-3cc791,Company_423,EdTech,US,2024-01-10,other,Enterprise,6,False,False,8,8522,102264,1065.25,16.875,0.0,6.0,48.333333333333336,95.83333333333333,4.25,1.0,447.0,149032.0,30.0
A-337bc1,Company_424,Cybersecurity,US,2023-07-19,organic,Pro,30,True,False,7,19379,232548,2768.4285714285716,40.142857142857146,0.0,4.0,32.5,62.75,4.0,1.0,425.0,141115.0,34.0
A-58b9ff,Company_425,DevTools,IN,2024-05-31,partner,Enterprise,2,False,False,13,22642,271704,1741.6923076923076,20.46153846153846,7.6923076923076925,2.0,66.0,79.0,4.0,1.0,667.0,200727.0,32.0
A-bf7919,Company_426,HealthTech,US,2024-11-27,organic,Pro,3,False,False,6,1560,18720,260.0,9.833333333333334,16.666666666666664,2.0,14.5,81.5,5.0,0.0,262.0,77458.0,14.0
A-1d5444,Company_427,Cybersecurity,US,2024-01-18,partner,Basic,24,False,True,14,30958,371496,2211.285714285714,26.428571428571427,0.0,2.0,30.0,62.5,4.0,0.0,592.0,182031.0,35.0
A-0f3e88,Company_428,HealthTech,US,2023-07-23,other,Basic,7,False,True,11,5624,67488,511.27272727272725,13.909090909090908,9.090909090909092,3.0,48.0,67.0,4.5,0.0,598.0,176630.0,28.0
A-7641d3,Company_429,EdTech,US,2023-02-16,partner,Pro,8,True,True,11,12060,144720,1096.3636363636363,21.545454545454547,0.0,5.0,45.2,124.6,4.333333333333333,2.0,519.0,164755.0,26.0
A-cd458b,Company_430,DevTools,US,2024-06-15,other,Basic,10,True,False,15,43291,519492,2886.0666666666666,23.266666666666666,6.666666666666667,5.0,38.4,81.2,4.6,0.0,864.0,266624.0,45.0
A-c16b88,Company_431,HealthTech,US,2023-12-02,event,Enterprise,23,False,False,9,20338,244056,2259.777777777778,27.22222222222222,11.11111111111111,3.0,48.333333333333336,137.66666666666666,3.0,0.0,457.0,154959.0,24.0
A-59f724,Company_432,HealthTech,US,2023-11-03,other,Enterprise,3,True,False,12,9773,117276,814.4166666666666,20.833333333333332,0.0,4.0,19.25,94.5,4.25,0.0,696.0,221691.0,47.0
A-87aa7b,Company_433,HealthTech,US,2024-05-16,organic,Pro,24,True,False,16,22881,274572,1430.0625,29.5625,0.0,3.0,27.333333333333332,72.66666666666667,0.0,1.0,742.0,210545.0,35.0
A-1e6fc3,Company_434,EdTech,FR,2023-12-06,other,Pro,1,False,False,4,444,5328,111.0,4.5,25.0,5.0,23.8,88.6,3.6666666666666665,0.0,244.0,85274.0,19.0
A-39ddf4,Company_435,EdTech,US,2024-12-05,partner,Enterprise,40,False,False,9,35836,430032,3981.777777777778,40.44444444444444,11.11111111111111,5.0,23.0,76.2,4.25,0.0,455.0,139654.0,36.0
A-34ea2f,Company_436,HealthTech,US,2024-08-15,organic,Enterprise,8,False,True,12,14583,174996,1215.25,23.0,16.666666666666664,8.0,35.25,65.625,3.8,0.0,550.0,175157.0,30.0
A-716841,Company_437,FinTech,US,2024-05-06,other,Pro,45,False,False,8,26234,314808,3279.25,59.5,0.0,5.0,29.8,112.8,4.0,0.0,344.0,111161.0,13.0
A-558c72,Company_438,FinTech,US,2023-06-01,organic,Basic,12,False,False,7,9171,110052,1310.142857142857,22.714285714285715,14.285714285714285,4.0,64.25,79.25,4.5,1.0,296.0,83537.0,16.0
A-b11cd0,Company_439,DevTools,US,2023-01-20,ads,Pro,26,True,True,6,4806,57672,801.0,27.666666666666668,33.33333333333333,4.0,38.5,140.75,4.0,0.0,278.0,85711.0,16.0
A-cc1d8d,Company_440,FinTech,US,2024-12-08,other,Pro,5,False,False,13,8947,107364,688.2307692307693,17.23076923076923,0.0,5.0,30.2,99.2,4.5,0.0,618.0,204365.0,48.0
A-7f4db3,Company_441,FinTech,US,2023-03-05,other,Pro,4,False,False,15,26276,315312,1751.7333333333333,19.933333333333334,20.0,5.0,16.6,91.4,3.25,1.0,844.0,278000.0,46.0
A-db5e9e,Company_442,DevTools,US,2024-11-09,partner,Basic,4,False,False,8,9251,111012,1156.375,21.5,12.5,2.0,66.0,97.5,5.0,0.0,586.0,170855.0,27.0
A-cc102e,Company_443,HealthTech,US,2024-04-15,partner,Enterprise,13,False,False,10,10063,120756,1006.3,17.0,10.0,4.0,33.25,109.0,4.333333333333333,0.0,394.0,121564.0,39.0
A-82d8a6,Company_444,Cybersecurity,UK,2024-11-28,ads,Basic,5,False,False,17,27966,335592,1645.0588235294117,23.352941176470587,23.52941176470588,5.0,42.2,112.0,3.5,0.0,661.0,198538.0,38.0
A-dec005,Company_445,HealthTech,US,2023-10-13,partner,Pro,21,False,False,10,30744,368928,3074.4,25.8,10.0,2.0,59.0,152.0,3.0,0.0,475.0,145213.0,44.0
A-5790f4,Company_446,FinTech,UK,2024-12-22,event,Pro,1,True,False,6,18926,227112,3154.3333333333335,25.666666666666668,16.666666666666664,4.0,44.0,57.25,4.0,1.0,321.0,95888.0,26.0
A-7c83a1,Company_447,Cybersecurity,US,2024-05-06,partner,Pro,12,False,False,12,16731,200772,1394.25,18.166666666666668,25.0,4.0,42.0,86.25,4.0,0.0,632.0,203509.0,23.0
A-297a2d,Company_448,HealthTech,UK,2023-05-05,event,Pro,27,False,False,5,14373,172476,2874.6,28.8,0.0,2.0,32.5,84.5,3.0,0.0,244.0,70412.0,22.0
A-4c56c9,Company_449,FinTech,US,2023-12-20,partner,Enterprise,9,False,True,13,30471,365652,2343.923076923077,22.307692307692307,23.076923076923077,5.0,38.6,68.2,3.75,0.0,623.0,195927.0,38.0
A-cbbe12,Company_450,Cybersecurity,DE,2023-03-22,partner,Enterprise,40,False,False,6,13081,156972,2180.1666666666665,41.5,33.33333333333333,6.0,38.0,74.5,4.25,0.0,178.0,49983.0,10.0
A-4a267b,Company_451,FinTech,US,2024-05-05,other,Pro,25,False,False,10,29687,356244,2968.7,31.3,20.0,4.0,16.25,105.0,4.333333333333333,0.0,498.0,150984.0,22.0
A-bcbe98,Company_452,Cybersecurity,US,2024-07-29,other,Enterprise,46,False,False,11,21666,259992,1969.6363636363637,46.0,0.0,7.0,38.285714285714285,61.57142857142857,4.0,1.0,635.0,173619.0,43.0
A-427b69,Company_453,FinTech,US,2024-08-23,other,Basic,17,False,False,10,19958,239496,1995.8,21.6,10.0,2.0,31.5,109.5,3.0,0.0,698.0,215804.0,36.0
A-0be015,Company_454,FinTech,US,2024-10-15,event,Pro,19,False,False,5,1178,14136,235.6,21.4,20.0,7.0,40.285714285714285,84.85714285714286,4.2,1.0,297.0,88205.0,13.0
A-054577,Company_455,EdTech,UK,2024-04-28,ads,Basic,2,False,False,16,44601,535212,2787.5625,30.6875,6.25,1.0,46.0,70.0,4.0,0.0,833.0,219747.0,52.0
A-bc87bc,Company_456,FinTech,US,2024-07-17,event,Pro,3,False,False,8,12032,144384,1504.0,12.625,25.0,7.0,40.57142857142857,112.0,3.75,0.0,394.0,135160.0,14.0
A-0f7d77,Company_457,FinTech,IN,2024-10-28,partner,Pro,3,False,False,6,2326,27912,387.6666666666667,6.166666666666667,16.666666666666664,5.0,27.2,74.6,5.0,0.0,298.0,93933.0,19.0
A-e7beab,Company_458,EdTech,DE,2023-10-20,organic,Enterprise,5,False,False,7,11332,135984,1618.857142857143,25.142857142857142,42.857142857142854,6.0,36.666666666666664,124.66666666666667,4.0,0.0,373.0,131074.0,17.0
A-a09355,Company_459,FinTech,US,2024-08-10,organic,Basic,14,False,False,16,34140,409680,2133.75,17.75,6.25,5.0,32.6,66.6,4.0,0.0,788.0,217064.0,47.0
A-31ab9a,Company_460,FinTech,DE,2024-03-03,organic,Pro,3,False,False,7,15802,189624,2257.4285714285716,23.857142857142858,0.0,7.0,43.142857142857146,67.71428571428571,3.5,0.0,340.0,129917.0,23.0
A-0158bb,Company_461,FinTech,DE,2024-05-22,partner,Basic,5,False,False,6,4070,48840,678.3333333333334,25.833333333333332,0.0,1.0,32.0,50.0,3.0,0.0,364.0,122051.0,22.0
A-f19b24,Company_462,Cybersecurity,US,2023-01-10,organic,Pro,29,True,False,3,2523,30276,841.0,29.0,0.0,2.0,35.5,74.0,4.0,1.0,119.0,46012.0,10.0
A-798a3f,Company_463,DevTools,FR,2023-10-19,other,Enterprise,12,False,True,9,14152,169824,1572.4444444444443,19.11111111111111,22.22222222222222,5.0,33.0,45.2,4.0,0.0,352.0,105146.0,19.0
A-42b791,Company_464,FinTech,AU,2024-05-20,event,Pro,3,False,False,7,19060,228720,2722.8571428571427,27.142857142857142,14.285714285714285,3.0,33.666666666666664,72.0,4.0,0.0,312.0,84693.0,6.0
A-068fc6,Company_465,EdTech,US,2023-07-17,event,Enterprise,35,False,False,10,29085,349020,2908.5,35.0,10.0,5.0,38.8,121.4,4.333333333333333,0.0,598.0,189037.0,29.0
A-6f50ae,Company_466,FinTech,US,2023-09-21,partner,Pro,19,False,True,14,26608,319296,1900.5714285714287,21.428571428571427,0.0,5.0,31.0,87.4,4.5,0.0,811.0,240012.0,48.0
A-a2485e,Company_467,FinTech,US,2024-08-04,event,Pro,3,True,False,6,8775,105300,1462.5,22.5,0.0,0.0,0.0,0.0,0.0,0.0,317.0,102647.0,13.0
A-bb1eaa,Company_468,Cybersecurity,US,2024-06-11,organic,Basic,21,False,False,5,10381,124572,2076.2,21.8,0.0,6.0,23.5,92.33333333333333,4.5,0.0,164.0,45337.0,7.0
A-cc98bc,Company_469,DevTools,US,2023-05-24,ads,Basic,32,False,False,10,21567,258804,2156.7,36.7,10.0,3.0,4.666666666666667,122.33333333333333,4.0,0.0,551.0,160470.0,24.0
A-d77f4c,Company_470,DevTools,US,2023-09-25,partner,Pro,4,True,False,14,48726,584712,3480.4285714285716,23.928571428571427,14.285714285714285,2.0,31.0,75.0,4.0,0.0,617.0,182046.0,32.0
A-ccabf0,Company_471,HealthTech,IN,2023-11-06,organic,Pro,1,False,False,10,22379,268548,2237.9,18.6,20.0,4.0,46.25,89.75,3.6666666666666665,0.0,506.0,169088.0,29.0
A-700ade,Company_472,Cybersecurity,UK,2024-10-31,organic,Enterprise,1,True,False,8,16875,202500,2109.375,20.625,25.0,4.0,30.25,53.5,4.666666666666667,0.0,284.0,85381.0,18.0
A-4a4c2d,Company_473,DevTools,US,2023-05-02,event,Enterprise,54,False,False,13,33966,407592,2612.769230769231,54.0,7.6923076923076925,5.0,42.0,104.0,4.25,0.0,587.0,164208.0,37.0
A-b7ef83,Company_474,Cybersecurity,UK,2024-05-29,partner,Pro,1,True,False,15,35868,430416,2391.2,20.8,6.666666666666667,2.0,47.5,79.0,4.0,0.0,738.0,216777.0,39.0
A-e08cd3,Company_475,FinTech,US,2024-09-21,ads,Pro,67,True,False,11,71020,852240,6456.363636363636,67.0,9.090909090909092,8.0,30.375,93.0,4.0,0.0,432.0,138064.0,21.0
A-19b2c8,Company_476,DevTools,IN,2023-06-06,other,Pro,20,False,False,13,26703,320436,2054.076923076923,22.076923076923077,0.0,3.0,29.333333333333332,90.0,4.666666666666667,0.0,601.0,188401.0,34.0
A-970c97,Company_477,HealthTech,DE,2024-03-01,other,Enterprise,14,False,False,8,15381,184572,1922.625,19.875,12.5,1.0,61.0,139.0,5.0,0.0,444.0,133732.0,24.0
A-6dee43,Company_478,FinTech,UK,2023-08-12,other,Basic,3,True,False,11,22770,273240,2070.0,25.545454545454547,9.090909090909092,5.0,44.2,48.8,4.333333333333333,0.0,461.0,142536.0,11.0
A-5ed98d,Company_479,DevTools,US,2024-06-22,partner,Basic,24,False,False,8,15478,185736,1934.75,30.0,0.0,5.0,35.8,91.8,5.0,0.0,312.0,90314.0,18.0
A-c58f49,Company_480,EdTech,US,2024-07-31,other,Enterprise,70,True,False,7,70980,851760,10140.0,70.0,0.0,3.0,36.333333333333336,60.0,5.0,1.0,363.0,108540.0,22.0
A-9c18c4,Company_481,HealthTech,US,2023-07-27,ads,Pro,11,False,True,10,17823,213876,1782.3,12.8,20.0,4.0,42.25,130.25,4.0,0.0,556.0,178453.0,37.0
A-cc8c8f,Company_482,DevTools,US,2024-06-16,ads,Enterprise,23,False,False,7,15600,187200,2228.5714285714284,27.285714285714285,14.285714285714285,2.0,14.5,123.0,3.5,0.0,268.0,66983.0,18.0
A-5f7781,Company_483,DevTools,US,2024-08-20,other,Pro,22,False,False,5,10252,123024,2050.4,34.6,0.0,2.0,28.5,42.0,4.0,0.0,183.0,69505.0,10.0
A-e1b9cd,Company_484,DevTools,US,2023-02-26,event,Pro,40,False,True,15,37042,444504,2469.4666666666667,46.53333333333333,20.0,1.0,35.0,115.0,3.0,0.0,840.0,243616.0,47.0
A-ac85cd,Company_485,EdTech,US,2024-07-31,partner,Enterprise,53,False,False,12,41267,495204,3438.9166666666665,56.333333333333336,25.0,3.0,33.666666666666664,76.33333333333333,3.5,0.0,634.0,176002.0,29.0
A-d792a6,Company_486,DevTools,US,2023-01-23,organic,Enterprise,4,False,False,15,23049,276588,1536.6,18.733333333333334,6.666666666666667,5.0,40.6,97.8,4.0,0.0,690.0,203395.0,40.0
A-ac9111,Company_487,HealthTech,US,2023-08-12,event,Pro,21,True,False,16,26626,319512,1664.125,26.625,12.5,3.0,24.666666666666668,89.66666666666667,5.0,0.0,808.0,254330.0,46.0
A-18793f,Company_488,EdTech,US,2024-12-18,organic,Basic,148,True,False,11,78588,943056,7144.363636363636,148.0,9.090909090909092,5.0,45.2,101.6,3.8,0.0,486.0,168310.0,20.0
A-9f0b68,Company_489,EdTech,US,2024-04-28,ads,Basic,10,False,False,12,28518,342216,2376.5,20.0,0.0,3.0,30.333333333333332,96.33333333333333,3.0,0.0,709.0,194123.0,33.0
A-d3c88e,Company_490,DevTools,US,2024-10-18,event,Pro,16,False,False,13,26183,314196,2014.076923076923,19.923076923076923,0.0,3.0,58.0,48.0,4.0,0.0,644.0,204483.0,48.0
A-ccb686,Company_491,DevTools,US,2024-01-22,other,Basic,10,False,False,12,21541,258492,1795.0833333333333,22.916666666666668,8.333333333333332,1.0,67.0,30.0,4.0,0.0,721.0,203848.0,46.0
A-118f1c,Company_492,Cybersecurity,US,2024-10-31,other,Pro,32,False,False,8,52160,625920,6520.0,44.0,25.0,1.0,64.0,141.0,3.0,0.0,369.0,96816.0,14.0
A-0e966d,Company_493,FinTech,IN,2024-06-25,ads,Basic,11,False,True,11,12445,149340,1131.3636363636363,23.636363636363637,9.090909090909092,3.0,31.666666666666668,95.33333333333333,4.5,1.0,636.0,197685.0,34.0
A-b9f5b1,Company_494,Cybersecurity,US,2023-01-24,other,Pro,15,True,False,7,7072,84864,1010.2857142857143,26.285714285714285,14.285714285714285,6.0,31.833333333333332,75.66666666666667,3.3333333333333335,1.0,307.0,90576.0,12.0
A-8ae3fc,Company_495,DevTools,CA,2024-06-28,ads,Pro,9,False,False,8,4447,53364,555.875,27.625,0.0,4.0,39.5,65.5,3.5,0.0,402.0,130242.0,30.0
A-55f257,Company_496,FinTech,US,2023-12-21,organic,Basic,9,False,False,10,12137,145644,1213.7,18.8,0.0,6.0,43.166666666666664,114.5,5.0,0.0,476.0,145972.0,25.0
A-d26ab4,Company_497,DevTools,UK,2024-11-07,organic,Basic,9,False,True,9,16613,199356,1845.888888888889,22.444444444444443,11.11111111111111,2.0,49.5,110.0,4.0,0.0,458.0,121379.0,24.0
A-712533,Company_498,EdTech,US,2023-07-31,organic,Pro,18,False,False,12,19382,232584,1615.1666666666667,28.416666666666668,0.0,5.0,37.4,97.2,3.75,0.0,571.0,180056.0,35.0
A-781cc0,Company_499,EdTech,US,2024-09-04,organic,Pro,12,False,False,16,18315,219780,1144.6875,16.5625,12.5,4.0,57.5,106.0,3.6666666666666665,0.0,864.0,270008.0,42.0
